,"Zone17_Pressure__change_quantiles__f_agg_""mean""__isabs_False__qh_1.0__ql_0.0","Zone9_Pressure__fft_coefficient__coeff_48__attr_""imag""","Zone17_Pressure__fft_coefficient__coeff_34__attr_""abs""","Zone17_Pressure__fft_coefficient__coeff_74__attr_""abs""","Zone28_Pressure__change_quantiles__f_agg_""mean""__isabs_True__qh_0.8__ql_0.6",Zone17_Pressure__spkt_welch_density__coeff_5,Zone16_Pressure__count_below_mean,"Zone17_Pressure__fft_coefficient__coeff_33__attr_""abs""","Zone10_Pressure__fft_coefficient__coeff_32__attr_""imag""","Zone11_Pressure__fft_coefficient__coeff_3__attr_""real""","Zone27_Pressure__fft_coefficient__coeff_54__attr_""angle""","Zone17_Pressure__fft_coefficient__coeff_98__attr_""real""","Zone15_Pressure__augmented_dickey_fuller__attr_""pvalue""","Zone16_Pressure__fft_aggregated__aggtype_""kurtosis""","Zone17_Pressure__fft_coefficient__coeff_47__attr_""abs""","Zone17_Pressure__fft_coefficient__coeff_24__attr_""abs""","Zone15_Pressure__augmented_dickey_fuller__attr_""teststat""","Zone11_Pressure__fft_coefficient__coeff_32__attr_""abs""","Zone9_Pressure__fft_coefficient__coeff_15__attr_""abs""","Zone15_Pressure__fft_coefficient__coeff_50__attr_""angle""",target
0,78.88866822429905,203207.27166543,335998.9645104407,174790.64808179135,740.2684523809523,425890.7138112746,711.0,317571.0851450985,204831.74908818968,-4021942.5192716094,177.79004119323815,-40686.491362856286,0.5816364396564007,-6.653084622407563,184254.59350285574,366290.8447175985,-1.4013339492623278,463314.004630752,761641.5859968187,92.29199026949031,1
1,81.34872093023255,252456.19065554926,264661.3837807712,166894.95796525953,750.6023668639052,490040.9909875143,723.0,314088.0337941167,487031.9629774418,-3775803.03232722,89.70936302269779,-70076.94349338178,0.7056103694748143,-6.678313181135351,119136.75989688588,138138.58565017825,-1.123499046720967,853980.6522509528,860928.4644430471,-8.645479441988945,0
2,80.81593714927048,91712.32838983096,353344.3853265248,141080.31107240525,647.0839080459774,244533.89079456922,752.0,423629.10403308476,30447.20223677997,-103960.17967549044,63.7863816922503,-52448.149267206005,0.475155548525551,-6.362571422673232,263383.7595310204,581463.7470230319,-1.6153736219171206,195138.6462350905,301922.9123578012,72.98135010051641,1
3,80.86008869179602,251598.72251927105,279051.93616088195,127273.70437928409,605.4598870056495,22245863.50296535,718.0,269752.8285277908,472488.210871153,-1960594.148874774,-94.76061192349795,-56904.77494411879,0.39391218820222734,-7.101363806407597,238767.0191120277,534992.1243079633,-1.7730681413683471,768603.4117642828,684944.504577553,42.9423662606361,0
4,85.23635394456291,125865.05739639938,206649.73144567266,197217.25648955835,174.2243243243244,23600299.980307113,733.0,230455.1697669335,356545.7587144357,-2633973.6551280557,51.031789623847466,-92365.10167441054,0.2464317681447891,-6.859449423441885,231696.02012496465,465391.8334856053,-2.095242862296816,583046.9083950308,316534.01074309374,-100.26619045553852,0
5,82.02271739130434,185819.3525766948,204863.14527281077,166744.52162403887,164.39672131147552,167253400.23201704,734.0,353781.4366605834,361459.39512650116,1852172.6997126248,43.99327986876642,272.80698256502114,0.8510167102865354,-6.736176593705058,292951.4612645401,349315.5341656764,-0.6833442580255231,441035.9165979513,551200.9145183414,56.37368537992869,1
6,84.21979166666667,193792.7942385717,481087.6425466089,211001.21701560266,111.25026178010464,327046743.4902976,822.0,480364.801098341,245760.7353613391,2302523.570005309,115.43634631426576,-26790.35951032917,0.9987703028573732,-6.725068466858574,349683.40010388906,661669.2241111059,2.0818429487091112,258302.5596406882,505078.4691448723,126.02119232766664,0
7,83.77272727272727,174973.73540343822,478969.6319178155,179990.32413449284,101.07777777777781,314333837.5312761,814.0,367918.7359250785,337776.14437665674,2065834.397872947,92.97275813360926,-65986.62765149817,0.9987310362674496,-6.773124776103161,305181.02425425977,531401.2456588808,2.047034449686397,387440.2972265637,499741.70813100383,102.31711658290199,0
8,80.53224101479915,182249.15741083294,284385.64771281666,170979.085918038,159.1356756756758,207010145.34026107,823.0,265736.74769973534,342788.95282659715,2122084.931816102,98.20995918686224,-53207.210774828985,1.0,-6.599818409804858,211040.64416099948,357046.7387629401,3.159798576108101,355221.9099121384,529080.8015839321,83.87472129613566,0
9,81.84397089397089,168793.6318335517,465976.07300782716,202018.40086039944,133.0449735449734,220223807.6348815,838.0,394894.0466248372,325476.78561976977,2750143.4336320986,98.16140754919942,-67505.64016590288,1.0,-6.633977940031534,310986.0301218369,535835.665379217,2.934536522070772,360897.42520152713,513359.8325449129,104.61777431966854,0
10,82.21656184486373,162270.88550025914,406476.68100004346,126203.07650710315,109.35185185185192,237084784.2360589,801.0,274536.7429308165,349095.0060927277,2291153.525590781,80.4488421042536,-16551.693899418075,0.9982975707719504,-6.798320791053407,218748.0344892289,423578.1621601804,1.7747356526093212,375058.92400909774,518307.78624151007,84.71548397640719,0
11,79.4730407523511,129941.84792215168,320326.54831219965,172120.50747476626,170.96256684491968,193212493.9723916,838.0,267816.98149607185,298144.14844418137,1779357.8205886646,128.10959802099134,-79580.84213641359,1.0,-6.596347848676765,187938.06940621548,382768.3134429119,3.2839631689114017,441871.7960371779,487744.8240361922,74.30540762872984,1
12,76.02151481888036,159770.86794697685,261373.31885379824,123447.10606906757,176.08826815642465,99011268.06022608,730.0,304602.13315924833,310161.59976524423,54742.67891953094,117.11027340619236,-36484.702323414465,0.9975472316821756,-6.641219580366258,201465.60572059566,522440.2031380768,1.5062615435137414,403988.87858590094,358147.2875889005,86.35395064557909,1
13,90.05134553283102,304503.1160828712,409853.3397982978,138788.36555156572,135.37978142076508,247126673.8664072,792.0,304659.01077998104,424708.78612958,1584480.0226081845,112.75193114391016,-37900.85950035942,1.0,-6.569064386884853,268833.42924018955,689785.7371295296,3.052721487664767,524115.617922585,1010564.4935916676,119.42388401462787,0
14,79.7719537815126,153405.29480232374,366097.867284809,136171.12475433125,141.303743315508,139256667.41990563,825.0,267130.8970347172,357109.1783859717,2639549.5133227385,86.59575409383186,-24574.84777675561,1.0,-6.6368763330142535,177641.13303035797,376499.8785118714,3.052575010085107,383193.8857245422,528125.0663253488,73.60398035631664,1
15,85.03037837837839,219263.55226599172,220593.27973590282,164678.7899479384,268.5639344262298,7282436.938487967,765.0,208604.00305081022,353827.22459128365,-2599556.9264308373,78.6844753400441,-27065.71418516826,0.8586266618066708,-6.421221708962863,201361.4242816751,681981.4296230596,-0.652688929948812,620507.83833024,658448.5864555765,147.25405364928218,1
16,81.29281886387997,137403.9438699318,412840.5080845,192646.41606987198,104.98858695652159,236601004.89741048,756.0,447841.2383047528,194494.66676599282,1462799.2033995106,75.95363759604732,-13834.934318025436,0.9969659652894978,-6.85285396949396,220034.82028230585,564559.1248893698,1.3684440107931697,360556.1226289335,551003.9716445251,76.11605978433975,0
17,81.21263383297645,142603.7621844793,323075.4889898375,132690.56672122554,114.75792349726788,246470629.88048115,782.0,455550.17547159677,179726.9291325516,1666599.4835374134,85.4086433394483,-68148.35129988451,0.9970124537715528,-6.899593154369904,300944.53174438525,419026.3976491832,1.3781224593210395,249001.61494790216,595264.9018887907,113.12341946160223,0
18,50.36228956228957,202524.95224101504,139065.35091052204,81405.21776451464,388.3936781609195,1575667.024992724,692.0,122621.09386341592,82343.0916609473,-892096.7168601034,2.177764780143193,-23135.933143864488,0.6979441103164712,-6.648676890417103,133433.51545562135,229572.8471501608,-1.1422219052570888,313636.4577381029,451378.08883315563,58.601508580045916,1
19,86.93423517169614,195216.62611182328,512813.964027698,218916.11021278863,128.3867724867725,312405474.06983435,844.0,441760.1978985576,349418.7529366036,2533829.0093763443,100.61701091474865,-78884.59840195559,1.0,-6.632542709052048,354610.88395073224,620598.8570433358,3.498336047549988,382039.0406149214,573948.1993157505,110.1668681664643,0
20,91.54537634408602,196863.86740954046,444363.1069091935,164251.21820503677,205.03532608695645,204180660.6552612,727.0,431168.19762416725,130946.53671625465,-239208.83739052448,86.11973566314579,-31562.98281725392,0.7887654747623434,-7.046882521272553,297246.2694886938,454851.8499362982,-0.8975886433250507,242554.98862385371,435002.1515740113,155.50067930758138,0
21,78.82489082969433,135624.69254340252,274813.00884926517,139320.25173389266,186.15690607734788,43114463.26127813,731.0,321317.0143580077,196094.19794572983,-3242023.3699111305,10.396061555436367,-23540.000465304434,0.3974373890322955,-6.847910302392932,168300.65970464243,361507.4742420081,-1.7660598815493334,208454.1723297337,319848.4952626084,-163.94840896160534,1
22,77.17241379310343,202974.70581390048,420062.9234449347,172095.75766111194,312.1456647398842,122878.74733386867,702.0,413133.7213776442,235935.0519180335,-4070949.6916466886,60.39189104366911,-25921.27878569681,0.3062618341749302,-6.796056493574266,103998.28555144383,209694.9571553459,-1.9558466339716751,498074.6822986778,655497.4711223225,-20.700133510677226,1
23,59.873340587595216,92627.49602378006,227270.0627458831,140071.29436769732,501.28435754189974,128442315.93505897,755.0,309428.6130537197,263370.7152980875,-2820281.5677531776,168.70622044434424,-17510.410164649318,0.7089770126995599,-6.282221410683688,215277.1690481968,368575.82807040896,-1.1151886092813248,562081.7892891407,116605.37991386447,-68.94302812466057,1
24,72.8241232731137,137768.15219258727,369859.88646634476,158363.93122295904,346.131891891892,107436179.95533638,701.0,401322.91279118654,33376.15998712248,451093.20092994225,117.2347299344572,-22595.6595228424,0.32588381599202904,-6.795193688465876,199368.75186495754,308370.5270350659,-1.9131856488940715,263940.3086111311,328528.33023840643,-134.64963758783705,1
25,68.88105147864185,198160.1770081661,257037.1600264137,131056.73867279384,245.64581005586567,28080168.40897993,751.0,270519.83744866174,137814.92256237403,908645.8206371495,157.5369684697429,-23385.98463827767,0.9332725914880722,-6.620053971533451,209774.3800003852,420896.2682484361,-0.24242115382133,25574.8880349267,938366.6819784784,37.430935476254774,1
26,62.137885010266935,193376.2228663049,265377.0411255792,127484.23289988795,555.2744791666668,2413699.203832271,740.0,283411.4353061985,269753.9084624707,1678914.5012802337,173.0838733697113,-17458.977701234144,0.8904680746568311,-6.258066376114488,185041.20603057032,372973.2067310732,-0.5078875843118327,130741.12443580586,716139.8788657165,5.845467395168983,1
27,59.07928653624858,139160.66860412073,146691.1587357626,83686.82781877734,424.8906432748536,301812.947347533,717.0,177842.97833088762,138373.22137867092,-4347968.652291859,109.65443114014376,-12549.919129710037,0.7817461066727897,-6.769267066309552,146970.19655856714,271418.36155821866,-0.9187171859293648,315096.86050921504,490448.60571220005,-1.6205870602988697,1
28,51.30346756152125,116642.07872190206,237512.1782433877,131523.58143871522,607.1885714285714,522295.1794041853,728.0,225746.3583205509,234887.5068693991,-1857700.1590642328,110.8979165229526,2609.0099544728746,0.4093072364897865,-6.565545293151977,100295.36408101511,385482.3795352898,-1.7426015313300145,460756.794827845,293611.1593361104,-71.44453197711549,1
29,99.32566844919786,281512.5239653981,486436.7604612311,201516.1625613327,122.12043010752605,1220585927.8645625,832.0,744347.760702646,512353.6255999482,3238380.2672380363,86.31364252063648,-112023.43723025484,0.9717431694735822,-6.963433096430075,463226.2174986364,705264.8885061437,0.19084064905082085,671891.9171005506,459920.2754781036,55.49593936486816,0
30,74.45481727574749,186228.0602466716,321202.09103057696,78006.65648090628,436.3808988764045,27214567.351350266,741.0,369802.8369584633,406282.2704971101,-3764486.1985354763,154.66894863800087,18437.673478404962,0.12681925561701124,-6.866501127782669,298297.18575330323,397476.23188797047,-2.4549668766087445,453312.28603328357,554834.9586283254,64.72619433681578,1
31,94.90202702702706,179007.09214104657,297139.4754405154,201653.09843242023,160.21091954022998,609995.7793565465,711.0,447518.5578738379,254615.74886367554,-1767074.9489201438,93.22535185052936,-31795.048475249183,0.7264591897187058,-6.970820459019673,296520.03951840056,722692.3308056878,-1.0710975767497342,481995.1885450412,519300.1354974663,161.92878113674297,0
32,87.28712541620422,154246.41620446017,398829.25337468454,179645.39047943594,312.1937499999998,149925319.8404273,729.0,437841.86246980296,62078.74645103367,-704750.6782692288,111.83677744096451,-35275.377836498905,0.9466595196928752,-6.792493449955423,246215.4996059742,350608.17354109866,-0.12721421904349742,156505.38116294134,354433.24384629866,132.06489637541566,1
33,59.17569060773482,156885.45856362034,158155.83866604874,83422.44596156012,332.6039106145251,11390208.87938402,744.0,217784.31159652225,353936.03801653016,-3879243.9322713288,122.61072950359082,-6693.011635462574,0.7914119296091868,-6.6349870517366965,177143.34820508835,254042.4532742823,-0.8894957599070763,845447.0932809188,620835.6307708889,33.950250002806484,1
34,67.31576413959085,83367.83842237995,246047.86621426823,89471.23226806494,669.9302469135803,334468.95751660544,717.0,209633.09838476148,-51589.71873726131,-4135880.783248288,79.99895872241693,-26912.495328872414,0.6337071486978824,-6.354200868560713,165015.09619800528,364424.664017151,-1.2900608103774802,195519.66868989915,294899.2064876939,-17.582833980470912,1
35,62.69989212513485,274168.141057198,230016.4183322365,110758.58605803557,444.54530386740316,20762740.281678345,763.0,186124.82601898702,-230445.82100829761,270110.1138518516,91.77568275127277,-20699.07076336626,0.6568129655095906,-6.38913890869301,121480.88061340414,440045.0577186235,-1.2385129754742803,714475.924066068,467668.4966553487,83.76884842826236,0
36,40.02018561484918,11301.771911713886,205375.0237340136,95641.09037282306,687.2676646706587,762741.9595447045,713.0,153184.66465257935,-148933.75136595106,-2619792.702674249,84.33915865141455,9223.050903195943,0.6388029481700548,-6.174135663367318,88663.92359995258,324079.0819679824,-1.2788259363982382,286851.0058391084,141223.9798198284,-43.11788704143898,1
37,84.05151856017999,251577.45824292809,409983.4849446449,171680.93506465992,227.8335227272728,461145.5285916239,737.0,407485.1335337512,223521.6905498476,-4061254.8453150117,83.28241560706509,-19586.989545398603,0.8024776427409972,-6.387286862141006,263105.6066172922,556808.0614819558,-0.8548488617224561,378311.9894628455,363740.13777015056,82.93952370871676,0
38,66.13818770226538,152045.3864836417,206356.12168821023,115599.1416218136,429.02555555555574,74866509.79956327,720.0,325379.54345619906,311028.1050696105,-36636.653612948016,95.84337583095869,-37289.63031182275,0.8070400556233768,-6.3021722108428575,176018.5301760945,397288.3529508242,-0.8401594561164539,451772.6834592537,359019.1337783688,171.55962644193255,1
39,87.91640211640211,251346.6241276824,444465.6383237377,193588.4587418839,321.51550802139036,8482502.98408985,798.0,448305.83544333547,378429.52000182454,2670198.945981796,72.57760991124435,-24399.79478434749,0.981359065605447,-6.861685883544363,235045.1752865949,579298.461017182,0.39638012334578265,356266.831981376,947928.3333181962,100.85591224617608,0
40,82.4898947368421,185516.64276104237,394788.0961405896,205646.7534854341,381.6187165775396,98033263.5539527,810.0,370548.0053801821,536918.041080374,-1496532.2729134944,157.76281137605326,-67202.45784876487,0.913137679079922,-6.9201356049285625,236019.14314227988,325043.7215903432,-0.38152723994106297,871094.0403379152,580541.3501725945,48.24730113228246,1
41,36.00751322751323,208216.6013069669,270682.4174852805,68222.9791960201,435.9358288770053,7835135.124336758,780.0,193534.6072188661,-73309.93834097487,-1066167.454794275,80.76694934826752,-5041.797152971236,0.6108068329749821,-6.305476052064184,204543.22228813922,453249.3060497243,-1.3397272992507807,254430.39801423703,446529.7245754929,166.3278847050039,1
42,83.81855447680691,148269.19397829598,411470.796403912,174108.6670563884,167.4065934065934,120935597.85223316,714.0,358860.6802962805,271871.4084662041,-1155034.3110765691,114.25246460656328,-53025.980625198674,0.7351885989609875,-6.622509651567541,201740.1043124506,353021.82243617903,-1.0484429741841537,600647.4384138925,454393.0800740757,-1.7224073344034387,1
43,77.11970217640321,84624.03926827636,282431.7296809375,111507.13666971307,292.77873563218424,710423.0161952898,702.0,247639.44716959505,128656.46087133525,-4238383.791020148,52.87476318052518,-40090.024046714265,0.3342682476876201,-6.654725367687808,168342.9208930872,557046.8390724118,-1.895315073337433,398236.9824723639,372421.91226541385,-69.31994779346871,1
44,72.82313681868744,224501.2713267784,269414.3095837683,81342.99924015214,684.7329545454544,28401205.539565776,705.0,355358.7003491725,381453.9644208045,-1516677.946024236,44.109475539430704,-13402.658573170564,0.3743152027548038,-6.873237857334567,144185.20087512414,340968.102803803,-1.8124158925143483,530496.2183426457,711432.0223188469,125.02428180465773,1
45,66.45669205658324,227564.9997158189,487067.81610979256,134237.51626705035,310.07016574585623,325840960.37591857,763.0,455872.7425899581,493476.60485570296,-2169443.387088254,-35.42710650848289,-106227.30602452504,0.6706667700857495,-6.719865196300847,371970.8059033144,139144.97781856116,-1.2067929061502105,894024.0119209968,904611.6502968752,140.2046995660485,0
46,80.22821052631579,175474.93772083358,354168.13579485146,138398.48864678518,256.94331550802144,90492646.1129986,798.0,437914.6123317189,27782.462523821694,-667221.2850025678,93.2861619706852,-60261.825672645195,0.8844231586465042,-6.955034599414188,302343.2147142336,445821.92981550685,-0.5378168288579513,244035.79407916922,459453.7887360661,120.8101091812582,0
47,77.60610169491525,124247.6681096998,332368.2249416351,112638.30296235945,394.16420454545454,258511.07137633802,698.0,354403.684097534,-27190.419947308994,-4588709.007820645,72.6102937999066,-48841.63828648706,0.2882631603183993,-6.908836859959848,166945.51360120866,498725.12398369494,-1.9961513119680976,248222.1400724577,260047.740531418,-113.3986587612455,1
48,93.39243986254296,151423.51962119134,307634.72010614537,132617.6731696825,383.32588235294105,651613.5231168687,718.0,266932.54031832237,168599.86995072901,-4269561.409928468,138.31731591590685,-40996.35083722112,0.7144647440203384,-6.775616984912528,313706.04336011724,412170.8455966321,-1.1015215582465956,469218.4604815436,885064.9555946084,81.82805810041869,1
49,73.85564074479737,214703.05335923735,280530.01427473204,168582.79492131097,345.1648044692739,103698068.57830884,701.0,364585.5328271941,314216.30032003764,-3112995.9490342606,-175.29655474706058,-4719.789180256084,0.4000612208260373,-6.594790160589462,245222.4568060799,515128.23493702244,-1.7608562817518922,343049.1712646733,656284.1567644477,85.09520006021211,1
50,56.95987055016182,184299.69867021526,178576.52865407066,143102.3117277111,463.86353591160173,38049037.43097147,751.0,244499.44831403,408524.4744179254,-1233677.3039850057,60.75602898243354,-20561.475151103168,0.6334476963611092,-6.69917441973279,96297.38035810758,336650.2376222305,-1.2906309371866618,1019513.336076174,667007.7360904466,101.09420701155337,1
51,47.79691160809372,255395.72975645342,234928.01264842012,97918.84728209305,384.7387978142077,2879242.164514612,733.0,255354.24888443894,504087.4595023082,-3494085.6516395058,97.74464377290451,-32616.441825378068,0.37823197867555614,-6.643067932532791,108826.26365162132,312790.45307739073,-1.8044957405454958,782807.8147098252,843805.9201628106,-19.35445547336911,0
52,83.41769911504427,154441.80635463426,387003.0454160149,165855.83635939614,390.9230337078652,161595442.41717997,734.0,446886.1283281405,264514.13319676183,-1554166.425637266,117.62750551194763,-41942.35173710068,0.854577700681918,-6.823339953983816,329437.68396595423,543530.1980074027,-0.6691568264154871,434031.43059388985,658071.1513553313,92.11001234675524,1
53,47.436511375948,145863.85497548638,197130.6154744216,73702.4511741811,565.4050000000004,9896690.273206787,739.0,192443.37611562887,190244.00637674425,-3463081.970172846,46.82245006196617,-20234.959558250343,0.6104310003980421,-6.242139427839229,159669.75359778255,356842.9686737121,-1.340532049923118,253005.62497005376,476179.0238976852,179.6853802912724,1
54,73.62588614393124,113525.9707249098,383100.33878241037,134408.63341224,469.87213114754127,118456834.50576036,737.0,451897.99025716534,36128.875287681,131592.0064100743,97.45306024478468,-44582.32060669805,0.4649927620086651,-6.4029603454326836,232014.56349501442,437671.4080345664,-1.634774098873077,455112.4777411135,616174.5366980531,128.52168425199227,1
55,67.78768035516093,79312.59728382582,332840.25787178555,133022.1190707566,539.7744318181818,149316719.86921242,705.0,273123.7315866153,189082.55124280468,-787945.3350285164,-84.86441746875171,-44629.45121096068,0.7419447444672138,-6.5461258513978375,227588.0306968045,378322.145638655,-1.0305892733467517,235996.2001539752,260028.196303383,62.22808111533718,1
56,74.92291434927697,244666.59351612825,366215.9587108917,154103.94620428755,237.74804469273727,38473130.83506435,721.0,364250.8897760518,-39379.00100392373,-4734642.309009974,127.64202518798963,-22016.076124101342,0.29072305881740945,-6.770844658111214,249081.888849407,443964.0240479854,-1.9905700271230569,227979.1032369207,330954.976089759,55.341694935231935,1
57,37.02927094668118,170188.3708655322,177842.540208389,61203.16502175464,565.9066666666665,24672276.33570856,712.0,145521.40068692813,95052.10739828773,-2841146.54451356,108.04625252115773,-17624.614586148946,0.0965913775353494,-6.870708783639157,105272.881839271,172013.43462010493,-2.5828617679025543,330026.03410559753,650669.4371329347,-78.21209747952706,1
58,86.93395810363839,159236.99164086545,256147.55402192828,182272.80914359944,352.5938202247193,40346053.26221192,749.0,265322.2714551093,203850.4587112737,-1835381.4288009102,118.098550330928,-66952.30484442775,0.8395986683268738,-7.0813540115760345,241053.2253295277,560436.2280344063,-0.7271221413649721,264385.09093160275,674536.0252594771,31.91913177577198,1
59,49.73365384615384,149426.617212462,266902.90804563323,55068.121762053925,343.92967032967005,177464447.78459975,769.0,365446.2567691479,307411.82388210896,-668756.0138464497,137.5848496490253,1543.3093092738807,0.9315903366276428,-6.813149255442622,207183.72939306727,130373.88208719392,-0.2553807072520315,470650.0706946382,631931.7665410326,166.24834448693858,1
60,86.02045977011494,97161.233962518,332745.5993370721,129274.06726018645,260.0327586206899,153092.07435535142,701.0,318301.8879888577,201877.02658097426,-2682220.217063636,169.02828222065818,-60826.450210527146,0.33459353252600715,-7.014470199269997,221646.18638440454,286829.0336655581,-1.894625757311176,408040.86159460736,1107380.3690826641,124.93573312392559,0
61,65.55588235294118,223320.1892846112,232484.6075571064,137079.19238483472,348.3816666666667,12266278.92850653,740.0,252440.2462856939,226825.1132904921,196378.89511055648,49.266143995934755,-29416.592090808004,0.6738020948347858,-6.809563766983091,160908.18620470626,393676.95493253187,-1.199520155535073,343984.7489581349,890448.4878125145,55.124048077188064,1
62,87.49481081081079,157203.8880353275,326921.04736615263,222302.84247178727,181.7797814207647,330852520.44008964,769.0,198430.34759355642,362070.0557497913,1104323.8596127154,87.54842273544728,-58146.60530084447,0.862641815028083,-6.890898008053664,349408.26136873954,674401.3122528989,-0.6359851299607533,615097.0159998783,479734.7033072586,119.628127417121,0
63,84.1719298245614,137508.6502795351,362906.04746840976,183308.29452212303,569.7592178770949,151079895.16006404,753.0,508634.7708382785,411102.59982452774,-2726187.11637586,99.43460836310905,-58319.257898550575,0.9758743503587864,-6.616764228729965,220214.68655875028,599445.1700878595,0.26895278128599,632596.0471135165,392562.2796264097,110.86378111610084,0
64,75.708,111192.40224862633,308650.4991868239,158832.6417374975,359.37119565217387,54602203.23511989,794.0,183800.82537042294,-237457.16782616609,-3548738.8815236394,132.23473357164562,22773.791579805562,0.6635945069210069,-6.756753238843082,228723.04209038807,696110.4932604702,-1.2230681320078796,421614.26691212674,880935.2871914925,87.64177615307446,1
65,94.67926829268292,348383.2346051634,386474.0666487125,144196.7638234822,538.4393063583811,38945130.02685616,767.0,411895.11711514,579584.860039402,-1183679.3530813195,178.627280453665,-73557.08772270972,0.8041911360809209,-6.635503278531036,380620.29321940657,224513.111289292,-0.8493609453801286,749084.1995644791,1360799.4185508946,105.30542892125284,1
66,61.24174972314508,226977.0625063227,244435.5468413725,113258.36320120428,247.85988700564965,16054829.154407535,736.0,302219.7371346382,511949.9485428486,-2234086.718423048,128.18141676140473,-45115.5448755804,0.9271492721147464,-6.7724982239008344,181075.52941045488,428327.2528898794,-0.2882701983703832,712651.5432758701,749112.5081876477,82.7511727471888,1
67,77.55886752136753,107625.95302914234,324324.6220299785,170808.36975680108,380.4565217391303,151778523.28784963,751.0,248463.1371210377,342490.644639922,-4484.836764775444,-77.8480418484543,-40705.114113306365,0.8556928457514703,-6.567594328812171,245924.6466741633,496341.2170428944,-0.6646578128627999,794446.9813457155,423464.84620538884,75.40965233120775,1
68,80.95382978723404,195424.80669499194,300959.8409033459,184753.90124358304,257.93315217391296,344749054.76993513,780.0,189390.19060864105,378039.4862126017,1622480.9321717243,92.04222127853727,-10830.339743385712,0.8022456026079332,-6.87774783943566,310441.9532587845,544409.9134517098,-0.8555894002833209,603710.6751708251,447370.2009646385,160.67873321930844,1
69,97.37581920903955,201187.92044550626,401948.9420957688,218564.36762549,238.7105263157896,663686.2674621958,738.0,551753.2905331792,535432.1102599473,-2009337.0126578968,43.69823196518654,-38651.61149755812,0.9951019956347222,-6.726854113591736,374674.9034796896,476515.5880869245,1.0867566086570062,773464.9652751591,977967.492747181,161.13259209608472,0
70,89.05099648300116,228834.4159269684,430954.42794296367,166792.88848745244,292.0779761904765,206626.29470139398,725.0,434665.60143477493,303589.3276312143,-3374339.0239540464,76.06507874639126,-21285.966080754963,0.9158883930030924,-6.724840253491366,126776.39778760012,230866.1438896692,-0.3643161234764216,435376.15031338396,685663.7800423056,15.315769614501493,1
71,61.87678756476684,296686.1320561354,125966.77680489616,180539.54594877487,304.10578947368464,108775239.16131955,814.0,90019.60129448636,-141079.80888220292,-3789416.5553645086,103.15802553345024,-70548.48371446607,0.9883305212932216,-6.746632525423329,396326.7202191809,154171.17886600248,0.6299273371291904,403237.683042336,285727.88935715647,115.88608023672444,1
72,58.12359426681367,145461.31290976654,309313.1282967144,114172.19688874352,440.56534090909065,18825344.75009524,729.0,268902.00578332,120458.53425819591,-1257208.5650701215,122.89092368271892,-11232.65356018045,0.6693254083040401,-6.819253487141777,170104.90363412345,303943.15595388017,-1.2098933967502472,57212.40203809004,924653.6817790482,175.64624395094512,1
73,81.00685224839398,168349.23070881687,366133.88226105686,129289.79666621909,293.377222222222,196433535.8490069,832.0,360948.2980948189,233942.99638437308,2311570.0667203595,77.50617134321385,19940.692962452154,0.9934932386028852,-7.242826048445183,238265.8045151929,835774.1078933027,0.9319340673817998,723554.988007509,164838.22992744757,81.58819260606583,0
74,89.09381778741866,135174.9815603407,420322.94173673436,139829.81800368775,302.1821229050281,378929453.3553872,815.0,320267.1476037765,216324.87088577886,868695.884323473,166.2812882805615,-50879.27987121204,0.9604363454287199,-6.871357585082391,212562.6177000272,722547.4899470276,0.023543489388691764,357999.5111650439,610918.0510987244,23.61788507385416,0
75,66.53272138228942,236774.24614863735,250157.7349068375,135530.1435880376,222.8939560439561,4189119.107029338,724.0,268591.5122670261,269271.548973362,-479237.0106766769,124.88185512833842,-35821.301056845,0.8529245054565885,-6.5970845016906825,197864.22698804465,360659.95491453353,-0.6757768823522959,285633.4963739164,440778.0269759664,31.80957868038471,1
76,94.18776896942242,277719.91790123144,468034.1084263554,139027.03422625898,292.38514285714274,192687.97968915215,721.0,469512.3079501778,340312.1761357193,-1793295.6822210941,49.62398367446802,-11612.661986707324,0.7968971461720891,-6.328409264253932,150485.2331453178,233601.7687668442,-0.8724890092303145,120516.2829846825,1147568.7372468517,175.06076576714,0
77,81.04520089285714,123671.18109414133,375426.86349196156,167991.60909116454,579.6585227272727,169118481.63181224,700.0,267108.1576560544,168570.90221996946,-113066.62259163948,-162.82672022320853,-12712.949952183088,0.9320231194529568,-6.3815479773030495,278453.7545562379,496301.5059479576,-0.2520742608123276,154648.7270461575,369658.1846108032,52.19301893005149,1
78,36.898158179848316,167841.14294629922,179251.3579649784,47520.63724726252,770.0662983425418,4385298.337002846,707.0,92032.06109053423,-95574.37664106076,-2816874.2908637887,13.092242343649922,-15231.702525119399,0.7260757917576407,-5.988227900940736,101248.32537001424,237919.37456562516,-1.0720823549656169,385732.7240796562,269666.2551785776,64.97006029367064,1
79,74.5987898789879,144673.97286944088,156879.72778526554,143833.57155839482,398.5885057471263,104749927.31469028,726.0,292373.64408369694,328516.8701746024,-1511231.9537615562,167.2402586725082,-47865.398591882236,0.8191469109796525,-6.724065736925214,256289.97411536128,295698.4033477587,-0.7999154204386955,498945.2382718957,315218.8777795317,10.487702152182807,1
80,38.67588168373151,108453.4235449925,96174.84523389919,35214.71678616295,802.1354651162793,763296.8683333248,701.0,114812.8892868874,27712.392851306227,-3752928.400952655,134.96163084017243,-12174.587085306943,0.6981947083350656,-6.3428436208602905,134762.28681450116,290547.62768082705,-1.1416141737603478,271827.10776333517,536020.6330911297,-164.3736753593886,1
81,95.94565217391305,172963.82270102107,435034.52059907385,120047.97557897873,483.48397790055253,51480168.88157327,774.0,387848.7740550089,-118570.46876334533,-268286.637442926,114.54888184397592,-34132.982061520954,0.6316656213032381,-6.656457707797045,229773.1482036669,640471.5479978042,-1.29454204358722,360150.984489311,154398.91076034587,-166.54256824991108,1
82,63.36102062975027,129022.40781684007,273989.5839220835,102210.37085638194,261.49060773480664,2746193.9458263963,713.0,294560.08224788297,344536.27467610256,-2722728.0495010642,51.252532003696054,-13406.332800818147,0.6012103453889479,-6.4866706307231565,193846.40813921922,358005.54657397966,-1.3601804384075191,489073.16382557823,441125.3677576665,-167.17638344232657,1
83,37.769536423841046,51925.194614692,213038.9784814897,118150.65896159572,744.1818181818184,51444037.49821498,739.0,173713.3675799489,-72536.48337146666,-1281503.5014260958,108.22305265312143,-36835.00975054299,0.6441701638299253,-6.1761746980620575,79510.20184950402,427670.051369549,-1.2669137345155341,370317.10794959,167686.39651455847,-87.98303334193547,1
84,94.99433551198256,265423.83017107646,408046.0589114919,219585.218660356,247.3265193370167,122156313.38823467,741.0,294765.21708623646,499672.4297229812,306463.8634521638,67.69310177083082,4545.833294556305,0.9207405643618312,-6.936598043891679,254100.29346164328,572613.8781099414,-0.3327206497344304,1011454.9805387412,855672.4579789994,97.7073722438078,0
85,78.56811751904243,92514.23866707584,385736.3162573115,265043.02404581424,269.67333333333363,172196338.79457295,813.0,362778.4331619561,213778.0194663854,1156312.6671392366,92.7927495157536,-87479.10204628736,0.9716806469675298,-6.850322825962808,97755.55241940342,629523.7827086626,0.18974719662258885,480281.3833824996,633765.3274717899,58.6969880480736,1
86,68.65479302832244,166224.68076977663,243948.3289773324,139354.8758323945,221.9022099447518,22095278.676700585,748.0,233507.18049932976,58307.817942142225,-2286866.6905457187,53.61949588774983,-47389.2752150579,0.8313738471440841,-6.676660721588253,223206.8870716286,298270.64608280273,-0.7571941118160165,345076.6697493305,707973.0876601936,148.65112692176746,1
87,75.47142857142858,90746.69514996356,406514.88515556173,250090.3675808113,349.0662790697673,439287.5958430417,750.0,389575.89647820866,279309.05951671326,-2081959.419420849,178.57504885212268,41837.60468486885,0.9590247008169684,-7.44794435693314,235575.5991556989,183507.5271204228,0.0059904943311998,358105.1547195735,376205.4955621771,38.24145675934177,1
88,107.59555796316359,225916.8019743065,539423.4127368972,212631.0087879268,337.9633333333333,128447277.29619227,787.0,602340.3084392053,424598.5515319093,272407.220455965,81.09608777910876,-11554.77821525025,0.9954531028684008,-6.959315896749555,276282.3381772576,585567.8917764815,1.128554259930467,582084.5617122204,906998.8306834362,90.38695837517271,1
89,81.0881974248927,132725.3652480322,324564.62624704064,161744.46755417014,524.3183333333334,475744998.11454934,781.0,208688.1661720799,324274.0554346435,-2260068.36576672,78.20777394946631,-40693.26659578236,0.9229865773659536,-6.842015895542851,298687.66931807424,688098.9168945927,-0.3175164679437528,392403.6908976569,432929.5714389656,95.90897915557846,1
90,65.80942111237229,244165.40247293978,232411.162918272,117102.26111886768,423.7826589595378,395477.9877065653,752.0,221589.69072036247,138749.62046196446,-2882119.6693922835,-172.15148917659042,-32604.82384971958,0.9439888874177956,-6.540310871402665,164863.26149941585,334022.3643919784,-0.15216048978940416,323318.8669801077,363203.3943277916,71.48253823821072,0
91,90.85801104972376,165271.8882258632,274968.8922723507,151492.43344342322,298.93519553072633,213116041.0083721,709.0,299845.1713876663,352711.9129402429,-3301340.956324858,68.72535726706397,-74650.12393659393,0.6888146539749905,-6.726912514082117,346032.0843201702,415510.7255124517,-1.164173046117457,441931.7532967238,409763.6251950332,96.5478371506862,1
92,100.63550561797753,182884.12101059008,532889.0934906368,197071.0540202181,298.7193181818182,33021.990108506216,748.0,528700.9000348115,271087.78204832115,-3094043.127208391,90.3898973372925,-48852.832780124365,0.9635357688004198,-6.735832954378261,312913.88788764423,649480.9246076687,0.06427699869161782,254307.09189674532,430694.41327808186,124.2894383196965,0
93,89.12940528634361,142355.3122019883,403305.5281830164,182035.91581455013,563.5862857142853,237413750.2781359,754.0,430218.1826277849,49174.31074215842,-3540271.306504045,73.88743539936758,-66160.68754602518,0.8319044489313063,-6.876947895609166,253374.2077510285,692735.8619289079,-0.7552881613556695,366812.7034400258,729150.1984477013,175.10412872097518,0
94,78.0451891891892,-136817.70023599608,286883.6136567859,147938.79665327753,460.76483516483546,527414192.7858133,807.0,229288.61896728852,244858.54896370106,-1674931.5561221116,108.2196894696625,-103445.83078372393,0.5161335417906067,-6.806583819529543,70372.94772616439,724119.141832358,-1.5349965122816955,589034.0104723929,1186296.495800585,39.75556229985352,1
95,65.15671476137625,229903.5793670081,276867.394616244,101702.85467498453,265.64438202247163,8835028.419055304,711.0,275672.6882064484,183204.93398320547,-2098348.655043099,123.88252326744193,-22346.27947840746,0.7455733989498033,-6.504226699967573,181350.17243468453,391571.4380436315,-1.0208784725011912,244623.6314470397,796403.4745934234,22.04333657280779,1
96,87.65862831858406,114868.2117689455,481418.8698526761,205364.93480356337,453.6276836158194,38930259.26324631,789.0,394330.65085798607,451305.83168095385,-302052.3977230105,99.51881197692644,-72453.89129923213,0.8758008004426201,-6.714969488437894,154820.80605821224,501548.6324033506,-0.5783435303265357,857520.6998178806,893951.6538610606,122.32158442464304,0
97,73.60746934225195,184303.97454630843,369112.8656687574,146347.61845063505,834.0994252873561,119565595.05874872,685.0,356709.01810001396,87350.4754049238,-2028907.2865161125,106.4853615412664,3202.6148391299357,0.6490212716954389,-6.367815570102552,246247.5678353764,357966.4301302369,-1.256074368109656,193130.7223195853,775367.3141065512,169.12261037159755,1
98,40.1451348182884,108205.95325071666,166301.24071247285,24061.05757614304,513.1706586826343,422809.3765323164,737.0,178893.43673042385,71104.98960294106,-3419612.784992841,-98.93719186567922,-19417.270259996345,0.6945986638383896,-6.645038992645272,125844.36607874293,214548.86807579765,-1.1503080768333345,308368.8519190168,782938.3633397174,154.4206514965228,1
99,86.4466165413534,173534.8420842016,363802.73809486674,169499.58304256698,364.8209944751377,146176962.11255503,759.0,334136.75350747036,565253.397568479,2025474.1907582711,22.65123987141867,-42017.38549068052,0.743155920721736,-6.849343148917358,203174.90673646514,281464.5054205045,-1.0273576720110291,920533.1501579515,730567.1269263312,61.591305152679475,0
