,Zone26_Pressure__number_cwt_peaks__n_5,Zone4_Pressure__quantile__q_0.8,Zone7_Pressure__quantile__q_0.8,Zone31_Pressure__kurtosis,"Zone9_Pressure__fft_coefficient__coeff_31__attr_""imag""",Zone15_Pressure__kurtosis,Zone15_Pressure__quantile__q_0.7,Zone23_Pressure__skewness,"Zone17_Pressure__fft_coefficient__coeff_83__attr_""abs""","Zone9_Pressure__fft_coefficient__coeff_59__attr_""abs""",Zone10_Pressure__time_reversal_asymmetry_statistic__lag_1,Zone6_Pressure__number_peaks__n_5,"Zone6_Pressure__fft_aggregated__aggtype_""skew""","Zone14_Pressure__agg_linear_trend__f_agg_""mean""__chunk_len_50__attr_""stderr""","Zone10_Pressure__fft_coefficient__coeff_88__attr_""abs""","Zone31_Pressure__fft_coefficient__coeff_39__attr_""imag""",Zone24_Pressure__skewness,Zone17_Pressure__time_reversal_asymmetry_statistic__lag_1,"Zone31_Pressure__change_quantiles__f_agg_""var""__isabs_True__qh_0.8__ql_0.4","Zone2_Pressure__augmented_dickey_fuller__attr_""teststat""","Zone31_Pressure__change_quantiles__f_agg_""mean""__isabs_True__qh_0.8__ql_0.0","Zone9_Pressure__fft_coefficient__coeff_30__attr_""imag""",target
0,26.0,90414.74,23210.18000000001,1.1780003798181298,201211.71514760505,0.180995355134983,18795.439999999995,1.2079389573828008,133115.56629197006,143901.65716223128,152363167465.5067,4.0,2.5865435699133266,1112.3694664886737,76492.55993777445,255785.69824600482,2.4732884473694066,477375886776.8137,135393.08443028686,-1.0865337253790412,85.20814684287814,244955.67949988926,1
1,23.0,93441.16000000002,21939.86,2.6416999300890387,180946.07766613146,1.2828484669467028,16444.709999999992,1.4874674798761294,179547.80741740274,148662.89377380538,72759720848.21162,6.0,3.4788008512216093,566.1486492741087,74394.71960676006,-98428.83250093422,3.4458679632446274,552242877173.9108,30438.276291132264,-2.317037381906929,42.94977966101696,212275.35394573293,1
2,33.0,43145.8,12085.7,1.567874121883298,432280.94924269116,0.11499891940718675,11725.8,1.1895754858608654,106445.90659503906,207604.22455642905,263932832600.9678,3.0,2.2158120242192143,604.6565152001384,126717.3037044292,70494.51598231285,3.155241607846192,616169148551.6595,78916.29221296831,0.6287817182967125,50.66050612244898,399243.6258385951,1
3,25.0,41329.9,13174.000000000005,3.252763296002671,207945.7245930098,2.8225024434667003,10678.11,1.811675204909564,156796.68862884658,140329.72416023375,275896932545.6242,3.0,1.8887746960050884,322.081595986041,104570.55388293463,245829.62423259325,2.8184383971674807,608691138008.3678,27339.274344315654,0.8940009258657612,34.87984293193717,193371.77505670415,1
4,24.0,38397.98,13821.240000000007,-0.2198164688420592,274288.01211420866,0.32527882842012396,13051.979999999992,1.0846197907666386,125427.61677631967,137615.50468444516,233420435706.24786,3.0,1.9527214093874936,304.01997587287536,82506.91331898098,238733.93258792203,2.321428599186625,483027836812.7082,23691.742285497632,2.0301966863485883,50.83766162310867,256213.40780857246,1
5,37.0,39705.56,11566.220000000005,2.482270894577512,254531.58725140718,2.7025622609944207,10643.04,1.7649341932063298,132728.76384394456,137958.59786683248,276778938418.0973,2.0,1.8936216355532516,403.9004785463313,135811.47381139954,183006.6425008921,2.4385786765311983,609161500097.1699,32161.453052274086,1.7441805464301094,37.35973421052631,252035.91065228422,1
6,24.0,92992.7,31822.0,0.1767288630558177,344922.7039992387,0.5402481160247139,25376.3,1.2202717864235215,143322.78084835553,234829.81518892315,368184537576.697,3.0,2.4921061542963274,737.0404356576453,92948.28314608852,82681.3125429871,2.1114893099657817,696653507955.97,25443.132567970733,0.3913979346263433,78.96238159675238,416145.93727957795,1
7,26.0,48764.62000000001,18599.3,-0.00389215055402925,176752.8666188977,-0.7472164937657729,14702.490000000002,0.9296963528629734,87224.45302076479,164039.73741242374,114718910367.29955,4.0,2.3033979475767614,552.5001838411782,75005.3429070915,62728.687260199775,3.2439146505286067,133246754480.6255,41971.90897973542,-0.4583305492071114,47.059456338028156,247228.05704127398,1
8,31.0,88474.80000000002,23208.44,2.323148442069745,178856.67566666758,1.3915438286504545,21080.65999999999,1.497238261267425,115123.2454555418,131517.74415077225,111503506257.26076,6.0,2.347145756411463,1088.1754733368566,26868.58727770134,-94944.915258515,2.771165574873104,544898273133.0325,358981.7487224952,-1.1266836267100502,101.30058356164385,179765.30082738126,1
9,15.0,97064.5,20690.2,4.791068837132942,370202.300988605,2.174415116037575,18968.6,1.7093509520031165,134017.54681431153,135190.9122418795,145373408483.6894,4.0,2.401169445421126,934.9775630975033,34061.053464206394,272829.57569125004,4.034250062839681,456926012451.3181,34856.233647799934,-0.6120379095847843,55.40308357348703,373465.0205991306,1
10,26.0,79559.08,19570.98000000001,-0.2796232410441051,113738.22047564108,-0.37125642976748496,20105.33999999999,0.8628009828734583,104557.33982508288,60461.269998871074,45011777237.133934,6.0,2.607830456980003,913.5377546915829,22179.566823861416,67749.62840667838,2.7928015369877186,240494301545.8465,128733.59668379676,-1.167490776493212,112.96080874316941,50618.108051205614,1
11,27.0,80652.94000000003,24247.14000000002,3.1991408938724684,185789.82243201477,0.94591969501771,22969.06,1.5521211547910794,115210.29539831533,117331.78728749276,94880607951.09128,5.0,2.366965606829944,1518.8218885360254,98058.87376150768,-102838.82684773304,3.5994607250063884,453666394035.4078,90575.43917170457,-1.1732853244616852,43.415928095872175,213915.63866163453,1
12,20.0,68745.74000000003,19743.26,-0.5408342733104652,379042.8351301664,-0.4698150425938112,22831.469999999994,0.8177890765621778,112475.84462338868,147687.38179441437,349283475438.5803,2.0,2.235224381201669,975.2287985329739,116951.91384221324,258820.65546834585,2.2185442586791515,360203216585.4548,143062.61190437136,-0.062152769308808024,108.26141289437584,280237.5281187137,1
13,18.0,85627.1,71287.24,-0.04979231407943363,456224.6705661714,-1.053709096699802,50113.38,0.8191600740723359,105919.47674258168,165374.57129922102,340948296287.4286,3.0,2.3939379878129103,825.9253968405206,136476.5334173048,466486.34239107865,1.7112611216735247,287187561344.7366,163573.6780192362,0.2376178168779023,85.22690862290862,505252.8308860448,1
14,17.0,94770.22,23514.72000000001,0.9227056952843607,143787.0726817885,-0.3264935573478094,21540.08,1.136814995825948,95489.8743984819,166810.01469202177,169866007411.94025,4.0,2.5000495234631512,883.6777440013358,31104.898256284225,248204.7121468361,2.691125015083321,205535205642.5139,10941.717682901772,-0.8725869189832154,28.006374100719427,225968.5215014289,1
15,27.0,88556.40000000002,23722.98000000001,0.3929251965678384,300615.63602156204,-0.2466998074150037,18745.039999999994,1.0693223964801022,77391.68941248245,176380.9497467996,136910513362.64122,7.0,2.4589234807934264,880.7869371282724,111033.8007476467,264076.9229130292,2.395247564844877,141933395628.57294,183530.87959473944,-1.1112284023617724,105.39735483870967,325340.9766552561,1
16,17.0,88032.76000000008,28657.98000000001,6.741456616401527,326926.95755949186,5.246891444888572,20884.509999999987,2.365895373261901,179512.43555765192,158196.48969678002,167077995276.33392,3.0,2.3717771969979924,1366.7091722721848,62094.24552235613,-19.487732976424013,3.788904623080012,442042955886.5705,47001.53270474106,-1.8697414304983295,62.81585833333334,376017.7012492122,1
17,35.0,68044.04,16082.300000000012,-0.0884749153227169,208531.4325952827,0.0928807536763996,17105.58999999999,0.8930314152577146,140395.48440229613,132636.54014742473,235036784480.28925,2.0,2.342044951629344,910.2433576647368,103772.34629278026,50845.42994816082,2.7308965378000623,715579409091.005,71623.79953341269,-0.07408982932866387,62.89108913649026,247039.06790475265,1
18,27.0,74493.0,18039.9,-0.009224235856011731,278800.4238430199,-0.03861505724105552,20617.15,0.9751114343457156,103062.21502275227,121725.55680415036,148739012091.46616,3.0,2.144156851804663,920.8708827220188,85206.91600288934,322697.964397499,2.182526712790606,224310223330.08807,353737.0600028582,-1.201278435240475,112.6184681440443,315904.02022999234,1
19,26.0,88158.56000000003,18610.740000000013,1.9802608046293373,36596.80130315561,0.6237207266676297,15815.789999999992,1.3311886616662667,96355.77358493947,71213.56129030892,42738358503.14707,3.0,2.632225671730552,891.911848919043,93297.60753232613,98709.43001217004,2.5339318711862897,277716893890.4361,9894.58023873937,-1.17902804863402,27.43363197586727,53136.38292340192,1
20,26.0,93007.3,26400.18000000001,0.8245039557511733,-42944.84197234506,-0.430783825193469,21599.119999999995,1.0336157155254415,30450.30693954698,185655.26938730892,50765173030.326416,5.0,2.875627563686816,1068.4203311148472,25574.67992006718,191318.22597623293,2.8293153282861607,62186617002.452,105219.04387150027,-1.2607043059150953,73.83121688500728,44299.295278138474,1
21,20.0,73972.44,28957.460000000006,-0.1580986137042073,156755.95827959792,-0.7783334063235503,26684.3,0.7766434169137116,75435.79797223545,106058.18185937438,103622402495.41656,3.0,2.196814012093979,857.0486473043633,70482.9041250658,73893.35412406003,1.95265973355513,329500085132.60297,225427.79466439984,-1.1971703130954925,98.23906901217865,131771.6658643437,1
22,40.0,85385.0,20349.9,-0.21520937542417595,273379.23305180226,-0.38126740253274827,19813.5,0.8863092477068995,148162.90599007628,141045.37497926352,246993807760.07324,4.0,2.509581552592405,674.1555275871199,145008.19083302328,222615.8967992552,2.9936715664841294,671026482732.1205,77407.92274458152,-0.7429014571314471,78.61244063324537,259798.55567532298,1
23,23.0,82033.0,20301.9,0.3181730997858536,151747.64194364642,-0.3628338601066239,16803.75,1.002279100788303,98474.98191184386,136296.64565705723,48089942460.98325,7.0,2.8687800302076387,746.9068354691881,81869.055452047,153316.71276346882,2.4384320960918644,54724329883.8167,76827.05910635689,-1.1652796439563102,69.92866843501328,102862.7449435628,1
24,24.0,85497.58,30382.28,0.1625049800544489,246521.40865896316,-0.2335344573688363,25257.3,1.021570265948267,126077.55886823726,123946.95002449615,232906783944.0919,5.0,2.5170205090293365,1157.4412409426795,53595.444583687386,274686.65709946665,2.4173558922153524,668532620299.6627,49677.857732069744,0.0724656164359041,49.845456756756754,260545.92645755148,1
25,26.0,87940.20000000001,16757.200000000004,2.3366454937694727,132260.44794672035,1.279266253178227,17680.729999999996,1.4741066308617068,123508.27690531824,156208.33487504986,147398450904.00665,2.0,2.5908456572894445,1153.2280101192862,120356.21846035447,28797.293675182358,2.9372359059114546,463926219295.1611,328152.14301933785,-1.038140628758315,92.84927977044478,167538.99773599848,1
26,23.0,81449.40000000001,15928.740000000007,1.0416216454741134,381883.6742851789,0.21930796364331107,16990.68,1.06241184549139,120815.21685239383,184797.19971191784,246684062763.57916,4.0,2.356824648694101,1088.0590724042593,188139.1399397557,326794.68356987037,2.618801928724644,413673095208.5604,186443.7888669946,-0.9406803863979444,88.1078661087866,405417.5749020607,1
27,23.0,100479.0,26451.9,2.0722224588365545,149482.37260701676,1.1935067952552083,19296.05,1.5509696686796446,102181.38554123523,86282.85545517826,103671607680.46686,3.0,2.356351740577828,1579.7714153444335,16694.980920439273,79813.38510492316,4.240481618184885,485523568644.2099,126095.86466028586,-1.2492513067251307,59.13072135785008,185767.05682789712,1
28,26.0,91423.2,19435.940000000024,2.1474123966124363,202224.31992502708,0.4389756581682769,17166.459999999992,1.2735265246359524,101989.40434379052,111436.97544437127,265042596123.17426,3.0,2.4133077268727368,1065.9426456874382,127584.25784854555,264979.47299158,3.5141303518910663,822956596574.1382,114307.06880814313,-0.4087810717571999,64.78835683453237,210678.27688400965,1
29,25.0,90102.68000000004,12922.180000000008,2.4616066213491745,361020.2165783232,1.0926398543253724,12158.109999999995,1.5728850071388274,158771.6059327117,111672.4749917879,135638476014.71892,8.0,2.6036275430688183,1089.0755332743472,35808.875699113894,-11223.114389629794,2.899151969989927,443556516306.6193,40582.35278039432,-1.0319466741020322,42.00096428571428,409280.9208766079,1
30,24.0,81521.36,21524.08,0.003817037712243732,290923.2988173355,-0.2040709178760829,21114.37,0.9844938093167868,123553.0835229984,185434.49978801227,219567455411.61084,3.0,2.2002346774370283,942.2085354044086,81397.57098376102,87344.11273868983,2.7932064172768665,210281477784.5074,274467.746068846,-1.1947973982021558,130.34975372124492,352960.0646484692,1
31,23.0,84698.52000000003,16981.200000000004,-0.1477725429146477,400397.54236563406,0.2282220043971908,17095.97999999999,0.9866836423851644,147885.76977750985,181749.79417950046,288043463953.0002,3.0,2.4986844524579435,920.1256605977541,164456.44040435273,192051.32863839305,2.9943837015683763,627566763824.911,45301.17117344388,-0.6877528127285842,57.47968975069252,414106.5126836295,1
32,21.0,104377.60000000003,44094.60000000001,2.11731777602516,326734.2092610893,0.5662991097502594,40631.78,1.3325157733474122,80107.63368564035,107794.51268611992,125722926454.0063,3.0,2.4199750488643548,1184.0795403090092,57377.54994694412,-62111.75512352673,2.2075870063945584,113738684190.25356,72227.92155132195,-1.1850228933662204,73.65113315217394,380123.0176147911,1
33,27.0,76191.02,32294.480000000003,1.1683638418307525,165954.7385917189,-0.18876828920394215,22018.969999999965,1.097397514485899,131597.48202655785,87160.48077406119,101844613831.75827,4.0,2.50674693334727,845.1896776019084,116887.97823359947,208113.56778203012,2.5121581209586257,459551801666.7268,116283.2344074067,-1.26241041479175,84.39898382749327,159044.66007974528,1
34,21.0,73161.20000000001,17733.620000000014,-0.6509588244050293,178880.02395391965,-0.21899632973964955,23405.82,0.7664628367840981,79073.24198049896,83486.16001539641,102019286127.13963,3.0,2.189558059881977,1113.0038116402766,150961.82515145544,343221.5512891023,1.7510689389318683,335320460101.67584,152577.93349816487,-1.6313037425965555,94.50620362622035,186637.6232101735,1
35,22.0,90277.12000000002,23695.62000000001,5.387856840276171,227275.59603191412,1.8250540617593884,20828.669999999984,1.8813794898559932,120879.69409991955,154430.02719436964,154097889527.02026,6.0,2.082027207392282,1004.0806801675948,110647.38553966,433001.502414485,3.651939231524567,450541025016.5536,28329.357559489716,-0.9475661625299112,45.120768802228405,199285.28508031848,1
36,17.0,77716.02000000003,30760.28,6.208661113337735,224260.89091196505,4.95360715420324,23244.9,2.10990472216081,61125.85559798897,144545.17103682098,78953998683.34435,5.0,2.201756440872802,1320.7999515256736,46644.124322657786,-358621.72114690294,3.6702723862244975,54119761071.71138,704200.3304144382,-2.265482084229205,149.6067459016393,178637.39376682747,1
37,30.0,71879.8,22790.78000000001,0.08646718297307565,275889.9848503517,0.3721676225136856,16819.859999999993,1.1740485582645637,151773.15519501248,180134.86512635066,365369270845.8196,3.0,2.281084704259157,754.0556043822901,154151.60853992653,204638.06501545358,4.598590272160137,709387873663.6929,41904.32473585394,-0.2938246004196989,64.62702904564314,319153.62106641376,1
38,26.0,81418.18000000001,19700.56000000001,0.7258889608660124,181642.00901771034,0.22558240661691764,18398.399999999987,1.185852227253237,51627.56805281992,68740.41781986496,128585664119.69086,3.0,2.48258395489054,573.5474107220659,55363.66573372181,234414.29761609816,3.945084533227548,140767355640.36072,80009.07766567469,-1.266548266596864,62.928190093708146,179474.16246372258,1
39,25.0,76130.86000000003,22838.14,-0.1778575193463774,416407.3070413473,0.06273782412735995,20614.15999999998,1.0311394666223002,99811.07378987882,212316.26186395946,279935182189.8409,5.0,2.414682074178784,1008.5281679031676,45721.17147563028,324361.5915556544,3.089448877405911,312562928105.0361,182667.9505681176,-0.5078208203680874,111.3825355191257,375569.78643945546,1
40,25.0,81515.1,23086.9,2.2369556850355865,-114269.15440017649,0.5809388270535032,23555.95,1.1861652679680788,15946.871317075078,95334.53671762504,315270933960.7585,5.0,2.16274086844778,906.9742178880048,112591.98386833454,348225.3277340076,3.2739833251022032,529735175823.1601,170776.14551313798,-1.8301666409138493,80.10083468834688,-24818.69204108494,1
41,25.0,83752.08,27303.96,1.2007226450439714,492593.88973462157,-0.180952787370364,22557.59999999999,1.0261642546518506,205140.40175371524,151243.46786376266,404839937102.8286,6.0,2.1245084532649883,767.2351967819045,227304.22022510442,159185.71619974487,3.802278584474265,928911031534.5808,219881.94218366282,-1.5095339647381618,108.22857103064068,374392.97056626383,1
42,25.0,74715.32000000005,19285.840000000004,-0.4345930674012153,368177.12576541107,-0.2591117949243764,19728.109999999982,0.9782713438199184,110497.83567310721,125824.72516753082,221286090988.52145,3.0,2.2568660140452113,876.8984164833428,68635.91969347588,421629.7574326663,2.73831488560496,247126236345.0235,220493.9217818268,-0.5921358900370346,112.28991944444445,378276.88764911063,1
43,26.0,63933.76000000002,17327.220000000016,1.4510547715314046,271655.82291120297,0.1899110599165863,17840.219999999998,1.2485016387118777,106323.25972011221,119706.86329982305,175329433097.78348,3.0,2.183049277082826,920.9094981456553,182504.35355718105,177160.43138374094,2.7900994582147742,541952766447.3392,173590.38397630374,-1.322350785827962,85.31664611260052,267376.31811351486,1
44,24.0,75747.5,19336.3,-0.0625819099935252,283094.9733244248,-0.11456149294926332,18419.3,0.9682645033758199,167435.23623626085,123832.67839073537,235606438313.1292,3.0,2.3596052412326416,859.0328471645621,50866.337184502,227494.6016924636,3.2787825074606545,620281284119.7667,76701.06833717818,-0.7482778612262964,60.70539733333333,289198.7979614977,1
45,18.0,84153.72000000003,21934.44000000005,0.936727836150398,400525.3637498898,0.6716503840471441,20939.819999999992,1.2025510372103394,140665.12705670125,128461.79331922025,317335315579.2363,3.0,2.4556769321558005,828.7397180901128,58754.4359429632,306943.0870355373,3.1374051604269555,659861549901.2543,28811.67405527094,-0.05704307251596435,63.25353303964758,418074.4457728121,1
46,42.0,71526.9,19663.0,0.31310064439363794,158529.58989015006,-0.0926391053537281,21893.050000000007,0.93564788059822,146278.76449166716,179674.0844641354,300309416401.87524,4.0,2.150720963202959,518.7891390781122,173051.86522474475,387774.12660282257,2.6524515622767333,319036883497.2613,389007.0260015625,-1.18025654674168,110.35383398184177,398943.09434335283,1
47,20.0,87352.70000000001,25747.02,-0.0651130728177649,273265.24508424714,-0.6485276519201966,23655.82,0.9102590661257288,93664.20700351424,132463.07502833445,219245632162.66766,3.0,2.2474107657137417,931.1095129498938,188588.4455287813,-22991.383514251043,3.599512655163285,214708520425.9588,184080.51285274953,-1.039088267737197,102.63466943291841,215719.94919140261,1
48,21.0,79283.50000000001,22968.74,-0.19934912148990724,254845.4895029745,-0.12752104525805666,27980.0,0.9098468052603668,121229.11367729687,172880.30236383126,318732396340.92914,4.0,2.2699463948175,879.5180190468817,97956.44964589489,309920.54876164306,1.7546482062093482,334032092586.2139,31477.080931487013,0.78761854920957,67.57188903924221,257519.3996932125,1
49,29.0,82449.98000000003,21867.22000000001,0.9907945775384146,196919.25170412863,-0.43945178102997984,22856.53999999999,1.0531565984840765,95195.99164293807,116442.91452872961,174499067471.04678,2.0,2.191565898403618,1043.313672848873,149359.00740307826,255069.20354163265,2.1427773789532742,565706834996.3556,46378.91470431275,-1.4221089327263976,50.19027170868348,220169.7518064715,1
50,25.0,89483.16000000002,27079.22,0.10055531153424237,76500.90721617805,-0.8221620632046394,20086.99999999998,0.95398068849511,61445.60272990872,167678.6418050903,52245690443.479485,5.0,2.5154508518576635,885.9082006854951,51047.319055272535,52183.49598823734,2.331360381943948,56427301938.50133,56013.01730212694,-0.8550779062723866,60.04620380434782,194259.394837835,1
51,28.0,74528.28,23092.26000000001,-0.2983247064267189,225920.2027365563,-0.7705423537886351,24312.38,0.8497322697215207,99984.10499713557,94097.02623720915,158023276207.2239,5.0,2.404604661065942,724.7123763280732,34204.21485551975,174820.56399703556,2.265713070201754,454865022296.229,76445.36398939803,-0.5462177728211295,73.27276689655173,231478.13250142074,1
52,23.0,84752.6,20695.42,-0.1756993927605679,173333.97555345442,-0.4704820589753553,21104.44999999999,0.8788909927221604,89640.34199983078,113602.49623533932,52929154658.22919,3.0,2.519116859718583,1098.7798665019716,63477.489284708485,-73314.10292372871,1.9413646757273515,58996381320.603584,119501.42104634253,-0.7596188679750284,106.94401714285713,184244.68990029852,1
53,29.0,81625.9,19970.7,1.2870874789207916,105201.46082474508,0.30643366660894605,17803.1,1.2191113027003355,223850.20124584608,98224.69740838556,144776580829.61725,6.0,2.7148819951906034,772.6236795165352,43580.6230533257,2897.360389516728,2.8444910559461416,985495606836.0278,105281.06495284585,-1.3531767506905432,70.93606539509538,149772.9973943077,1
54,22.0,91445.44000000005,31038.68000000001,0.4213938279667535,305478.07617898076,0.6074196758389316,32952.0,1.0301567689261315,103440.4616126798,118280.74106647595,191061800422.36655,5.0,2.3406165071414797,943.4041980461058,107040.59585687263,-45555.35543972378,1.816078570848376,285231375076.6396,33742.97209884217,-0.7033927672650153,82.8738775510204,293127.0584102494,1
55,18.0,96328.76,29607.820000000018,0.7984637076856407,131289.69401937473,-0.611532665515095,23377.359999999986,0.9767300849132884,7005.69716719638,137270.12016962204,56075708962.23859,4.0,2.750113496982144,940.8607177479103,70726.20909199247,206726.21397607567,2.7800577014439933,56707551528.295166,89633.51185368287,-1.0896403541349289,80.29623822714682,42329.91676859908,1
56,26.0,91857.78,25560.3,2.0786922686219675,333957.70134709985,0.7528932625480338,20001.859999999982,1.4119327757614244,83778.97765530043,264439.8861722931,553105903565.6343,6.0,2.183372342318779,493.374761412318,56437.80259478989,417815.64646670985,4.270483045348052,575988888878.4763,43346.92963028425,-1.1134137852930714,49.1775340599455,218653.1407170412,1
57,21.0,81233.44,22476.640000000007,-0.24133598831784786,210960.76113971442,-0.14053692920554714,26078.91999999999,0.9529590183087262,110147.82851662952,112368.85668561353,258719285455.746,6.0,2.282306302370795,822.0143296449713,125551.87268497773,360317.5960180874,2.12541397846738,360753416792.3063,29553.719157378466,-0.4088706027843937,72.73404638472033,241855.33840462274,1
58,17.0,98225.04,22608.92,1.8680089494862933,264445.5424497823,-0.03951119535081205,17459.1,1.1158313692415678,136068.22214500018,118008.89623615965,417886794021.8424,4.0,1.9716478913296784,556.8810511382205,85632.2244726894,329633.5731300028,5.511737765780807,461219702711.85,130272.92403630895,-1.2977144272687555,60.35583806818182,298343.44357862603,1
59,29.0,84635.0,22892.140000000007,2.2018742276298813,372716.333638559,0.08095482925218045,24216.789999999986,1.3264615702246965,205727.9699504426,106536.31702608724,889550336837.6548,5.0,2.051538912409718,456.4712790952031,97465.28047951484,319928.19591242075,4.379043714385238,1406253230285.8442,66216.95340180855,0.20945899877132065,60.733009497964716,353567.94736814545,1
60,26.0,81368.04000000001,19465.120000000006,-0.7644533497428596,236893.02509523774,-0.7520184739112721,20430.62,0.8713795136875288,142953.46393396938,113262.08105000008,184454254344.4564,4.0,2.2459336925202043,752.673284616801,183156.9976246964,132168.34701096706,2.470388297790953,612209876955.6895,154271.3098229005,-0.6729765923591091,97.79538814016172,198151.71148949,1
61,23.0,85588.8,32625.1,0.2378476000053831,244928.80089120648,-0.17276458874347433,26883.2,1.0212296016486615,118758.03070964912,138625.73360205715,260541821154.51984,3.0,2.3463132420020782,1202.390858953966,56492.506100395934,125322.96767378625,2.5021643505947417,809710825728.6877,24693.86713069249,0.06408853679336705,44.86269709543568,231218.9705783293,1
62,26.0,86584.0,20697.8,2.7643870880639723,177141.00223025892,1.3655748687143596,18998.75,1.421766346051991,234318.42676737282,95981.52654080976,289871294160.6826,6.0,2.1730336240403307,712.922562605129,51878.64963006267,284010.8810683807,3.4053913234707034,568244421254.979,102372.43285920992,-2.070239667022482,57.160184281842824,169569.69812908454,1
63,25.0,84217.34000000004,35497.46,0.08113645882415277,380395.96131231065,0.34390497172146617,29521.36,0.9917156233943618,99653.1743226807,180575.36497896657,277250925918.89,3.0,2.291301388810413,1029.9389040135895,114019.12722832404,-77814.25921344968,2.3646981532621143,296100307872.7381,79808.49754395803,0.9676265048531412,83.15371070931849,361555.8480147591,1
64,16.0,79117.84,23458.94000000001,0.452585065361709,291859.180267602,-0.3844388033328157,21070.65,0.9923534362139468,104439.47875383492,114388.02048534766,141095569690.4118,4.0,2.47872021633581,962.4698775915532,124967.9926714748,-96671.26627590445,2.2839063432695794,425021830123.8105,128284.95955324745,-0.7154089607797328,85.33269747899159,234549.78884106196,1
65,28.0,85052.9,18690.54000000001,0.16339309478070074,146440.68505505848,-0.06869817614009355,15234.909999999987,1.1534504030235693,28627.678383588656,83554.71900589652,58008385715.16674,6.0,2.5219133925159687,918.1572382144898,107581.73733610977,207172.9547445285,3.41639094282811,63410865582.37813,142837.8119294194,-0.9637945905983965,76.36479411764707,131568.08324285882,1
66,23.0,84491.48000000001,20008.02,1.1488622107528976,185700.2053078111,-0.03781456456796351,19286.14,1.1294268696708123,116880.97463353073,107185.99933299533,99657041777.8731,7.0,2.470479676246685,1032.5833852964874,113345.55623662035,190162.35870182977,2.174873814361786,467280045548.1426,125886.5022345935,-1.4350994190829969,76.87520765027324,173378.71484809322,1
67,25.0,96164.2,27151.0,1.7474355354496192,480508.1641133697,0.13393476900266602,22892.1,1.2256347047956526,110044.05501878836,213711.0218285836,466247748725.3938,7.0,2.187500934635633,523.6451178746756,59735.69326302454,179478.55951915157,4.020199718160804,499889052155.4216,54307.02077506247,-1.0660909785447357,54.430795180722896,410209.80936808174,1
68,23.0,94612.16,31834.28000000001,2.773138205465452,-21536.49181858413,0.026890477930082483,23692.659999999985,1.2493526968646778,142125.08150900606,176918.79358703137,305762722995.40857,7.0,2.1552069926549344,768.3050831628419,247998.8988323731,282307.6172097779,3.4723346297823103,225876917845.5145,123466.31840752569,-1.7971964127084097,69.13287399463806,182381.02845711523,1
69,25.0,104261.0,27625.3,2.339636110559673,238470.1540798142,0.3569843116316949,20254.8,1.285458459127789,54351.01813445998,112586.51312056882,54311457912.119484,5.0,3.126812483083385,922.4701060230246,34782.25758589049,70325.17114564053,2.9872068645652967,60777188375.3031,68035.44686693631,-1.3403189655791163,66.47278947368422,361146.54887758417,1
70,21.0,85230.62000000001,28991.5,0.2032939494572079,233093.10660211265,-1.0377377338701752,27666.53,0.8412625526980271,90341.38046436144,103038.5018038001,75868479136.64532,5.0,2.489649261755416,931.9301669159283,98258.50222278763,55957.983134391936,2.0779329530263517,83299207573.98055,123085.56854853794,-1.051159820182928,84.93424055944057,143859.1661452132,1
71,28.0,80635.76000000001,29687.64000000002,0.5231762740345278,252110.6810891348,1.5180111002351495,21190.85999999999,1.4245600251527508,129317.96365730462,260190.45112455214,380727608104.1481,3.0,2.2059503256860373,558.4638431048859,67375.83000424586,90598.05816090779,1.9599714175088976,634319395565.3058,166558.26828960067,-0.9377126326067774,126.63212301690508,287166.64251662785,1
72,30.0,69941.74,22241.44000000001,-1.1098228216240602,151287.25551179712,-0.8399814797529808,25779.370000000006,0.6311953236503206,118429.75989065912,83176.11112228564,135446764102.21385,5.0,2.3202671806058333,906.3462317050978,48633.23292405256,291201.53087021085,2.3558313065127505,414483800687.7194,133615.23367673712,-0.4227147370819512,95.7215888111888,161175.8716472518,1
73,22.0,79931.9,31530.1,-0.5102775691550452,207987.4077580276,-0.41642784372337305,30871.3,0.8914002431327052,110431.29047103938,95935.34476541844,139769970923.86954,3.0,2.579720194558344,1042.6409399452477,113609.1337518361,241493.53315509693,1.9620027957469792,420870042206.3325,33764.906276678696,-0.3049976539584768,70.22315905947441,198947.26204383126,1
74,21.0,84841.30000000003,43562.16,2.4299395182489456,205931.69017298476,0.44090137185532585,30781.55999999999,1.4535640554688132,205966.27397554976,154014.81009840147,718702456943.6603,3.0,2.156876146162812,607.9679433848222,187339.81259103495,520512.3631567214,2.3795733269510477,1117527807277.4805,109742.58339334867,0.19035678463927586,78.838093708166,213158.8181407321,1
75,27.0,61495.2,12558.7,0.464329916681208,233332.30285993678,0.5645336219285633,17010.1,0.9873438563110029,104596.94360994762,113474.35237766591,68599554113.58249,5.0,2.398100903522969,1088.7056567970524,108280.82465917387,230208.2927025927,1.8231012834324356,184100746923.50146,464875.7068977538,-1.213740905086642,135.53752089136492,190645.98561256228,1
76,28.0,83353.28000000003,27032.06,0.11537229943187155,155883.15507744998,-0.7841300498578438,21401.899999999994,0.9045727110098936,76190.82360049902,83678.79168742236,42690037290.400635,7.0,2.5421735886461705,1012.0644873231159,106668.6205779443,7385.244571265003,2.244929117899623,248044604450.89835,82338.58443476766,-0.9575915979713916,78.85615855354658,191201.51029047763,1
77,18.0,90122.04,34912.48000000002,1.7364102565058142,243888.48306293675,-0.2316680042277017,27073.18999999999,1.1485803606199438,63902.24870337348,115537.91097772935,53860498881.04227,4.0,2.544557012928833,1496.8214023002809,22839.463026435744,-64980.98048017438,1.9651579278346227,56331101901.36249,129427.53721085965,-0.8967966336049392,71.55739999999999,169906.5803471164,1
78,32.0,74429.30000000003,19773.760000000013,0.46116427304467894,224681.60265195518,0.3048494078121027,15278.609999999986,1.1245304428901295,145351.8695604071,132251.35209046004,257125920679.5829,2.0,2.3548735734130624,691.6771286897063,42184.21331705232,216307.4523575831,2.7175873570389486,685643686680.21,61295.99099842214,-0.6057497662696778,61.004910785619174,268397.05697478604,1
79,36.0,77277.74000000003,18420.560000000016,-0.28200512744618633,112945.46042971115,-0.34099122621408195,18922.429999999997,0.8915562105709027,80852.88166064353,49691.626518674275,37932154203.96744,6.0,2.8831552465615946,900.5379323086297,106089.11396631245,-44516.25085565743,2.8502321784480005,247607012870.42844,157113.45066254618,-1.1051700007716876,110.22069729729729,131187.3014888817,1
80,24.0,72295.98000000001,19826.78,-0.3484894766236333,315479.7897290368,-0.3394148005630253,20991.75,0.961073744880187,101245.82326099019,123162.62953378627,224831336920.73016,3.0,2.3491727186671376,768.005635143918,33707.920061132245,314803.9592808628,3.5859879708779334,243041463033.344,27158.49084842786,-0.020776979036327185,57.37330629370629,352966.2200865949,1
81,23.0,64459.8,32844.26,-0.7832550145844244,156710.1211317568,-0.8514240015296353,29880.429999999986,0.7791403705750131,111359.55822724476,83810.14673614774,199375883132.10004,3.0,2.182112709324988,671.8061280690325,86719.26776035869,386394.25132032775,1.868827033261055,476494800913.5853,164138.31648191347,-1.0009697394371044,111.94338247566064,171301.96946814982,1
82,18.0,96864.94,21981.860000000008,1.045792660440486,185999.48276653065,0.5715135355942511,24837.44,1.1228688730876035,85952.1774274421,142490.18136157113,174445559121.776,7.0,2.4153517535408557,994.0236137861799,96968.08119245947,336958.533111922,2.184931462793453,180818741501.4448,36652.0803410081,-0.7478563173499069,68.28505617977528,212700.68675751163,1
83,24.0,95939.06000000004,28104.200000000004,3.3162163157686395,89869.57290878332,0.4355575653930957,19100.359999999993,1.4033368344986883,195507.52738562663,268187.69820148696,293377310174.7829,4.0,2.2574007773756604,625.6779150413957,190492.28751692447,-20338.35452181871,3.9764904350581856,693521113342.6443,59412.02549380746,-2.0150010255394464,50.349126797385615,59025.24255363581,1
84,29.0,81320.12000000002,32574.44,0.6323878607493638,82324.42851370291,-0.05322473101576231,17883.55,1.1854122919754315,101492.18797833053,135282.37566350494,276690404299.43896,4.0,2.6400163988361163,764.6002726857905,35748.699176374605,238321.0794445033,3.9486371392424897,780371307131.8337,27709.509004229032,-0.5988100676776871,40.17971428571428,95097.69098298873,1
85,24.0,91349.9,19251.4,0.5383803023074192,70844.65326287647,-0.017760768929252713,16844.7,1.0928970742349968,95839.31919122132,149181.7426777187,281501539648.5224,4.0,2.03492899377619,719.2484410950882,246639.3750284764,234353.779998905,4.280871370493121,208078497747.11765,143648.67008981775,-1.963076418483735,80.84165266106443,225136.14909815887,1
86,32.0,77120.04000000002,29347.96000000001,-0.05790215570472634,235295.3060482701,-0.668362843243195,21784.379999999983,0.889054791453325,138556.5191487563,109605.39104650804,100640662695.79367,5.0,2.4296283848289515,871.9462892419431,29277.265765577868,24892.945838685424,2.167029245233532,462920337748.5805,98869.30220608934,-1.2117430552731363,81.04423337856174,226158.67613665198,1
87,20.0,88545.2,36464.9,0.787898607308847,169921.81671700755,0.8423513550620201,33503.65,1.2030268246845248,166137.5291352929,125124.25770039506,328732486798.03143,2.0,2.3871491318142604,910.308300011956,178741.095524327,284399.1179367531,2.2211642028392795,657106190251.1244,219965.09387443512,-0.8947027949498217,123.39207202216066,172802.6079666788,1
88,22.0,76172.80000000003,27865.32000000001,1.578550833457108,94546.279998984,-0.4783669299706399,28113.43,1.0788506546889474,62940.098997594425,142679.07623909734,124702023707.86176,4.0,2.2956370185021777,1065.1894612640306,71497.30132692862,-54985.86966511377,2.545038958113024,112824982934.6764,99740.42485531274,-1.0389849267596705,55.63170319001386,245689.07354088462,1
89,26.0,86841.8,24698.6,0.2596507961553476,110247.05757490986,-0.6756442799405415,18570.2,0.9722060431188391,86253.69309190905,75426.58619819669,45097025976.185135,9.0,2.453159068206494,979.830310101142,99215.02112019056,88753.81507485597,2.8792015501924726,248302843988.8092,59014.75304996068,-0.9072195865410976,53.5203259052925,89230.19026425027,1
90,21.0,80794.70000000003,22927.22,0.13588731334081938,172616.36464522188,-0.0598987128812194,25333.89999999999,1.0020716068371132,114054.80082344596,89379.57538832529,111699406785.64172,3.0,2.614455272527019,1013.063339655174,40059.60560791388,299230.3825795292,1.9148550954496943,361145666103.31024,32459.392011059,-0.04827885362964224,70.88633748271093,186620.13551511944,1
91,24.0,88762.42,19458.46000000004,0.3136380948395772,118500.52686009274,-0.40915274320681183,21559.639999999992,0.8617609626717561,80961.14321575798,171371.5838583808,151182690175.4694,3.0,2.25073784191168,1089.4675550104669,103110.36784020276,77261.9719849065,2.4966044933197598,129410342993.39388,94981.88391604232,-1.314163098971469,71.3768895104895,207231.81811895358,1
92,19.0,88859.18000000002,17909.980000000018,0.2108905967102364,188139.1607542416,-0.07208739032885436,15054.949999999993,1.1285692672801542,58837.758687197376,178753.06299454442,86091019262.03894,5.0,2.4921648678559016,558.3123926737284,27556.566488684864,-207076.35600476371,3.212902746230937,96213265202.86037,315720.5360618526,-1.4166702758497385,109.09625862068964,139675.09390737716,1
93,22.0,94132.42000000004,25658.260000000013,3.7379285070559822,189718.3905723974,3.5381960557410705,16455.62,1.8160978091148792,145553.76291400913,137013.35569029074,145299918508.37595,5.0,2.29671296939328,1041.1260773359188,162653.3175513179,-201159.1404328912,3.2341967139404826,434758055622.0381,47753.80993424081,-0.8688588422759306,64.27523705722072,190128.61050453398,1
94,26.0,82488.54000000001,25668.76,2.9030726968470817,322360.02378860593,0.7496133676858205,25341.519999999997,1.4333251435443637,208140.88068923427,130639.6648610542,987393280862.3354,6.0,1.9685056257154163,513.4208097362797,188680.56123551144,454056.3965147261,3.557627914576764,1092613412783.1042,64346.64303417298,0.1818210898842183,65.90059740259741,496212.7683220739,1
95,15.0,95419.48,20162.26,0.3348979876831586,66068.98964630942,0.05367122346402997,17274.019999999997,1.082274314284371,139897.60199973604,206974.74891794648,257374494731.22214,3.0,2.1584752141462187,716.1184655321229,81645.2641374347,380832.8862377829,4.201313551624967,237726096940.8016,26768.898917815586,-1.0534782466741557,50.077263464337705,128175.78345006455,1
96,21.0,94471.24000000002,27622.58000000001,0.5560876517658047,297055.98645595263,-0.6161020481953585,23303.01999999997,0.938099348587528,138680.2903517209,180472.17236546977,304275687829.3499,6.0,2.5100906023766947,695.2850079006412,41587.07235164676,347080.35579199065,3.760329697913817,339063379346.3253,52981.436645216214,-1.0563263641077378,54.24935163398693,283251.63059198856,1
97,20.0,88112.88,24891.36,5.807123685343606,479883.18472532893,2.4080612093319425,20673.549999999974,1.8898588797858191,184481.77677806612,220318.57013957485,1029508522976.615,5.0,1.941321052025724,492.9835065129505,161217.97350384927,405272.4483418547,4.490430961733045,1176737665647.9146,42363.47096042122,0.35987897328137525,49.640577181208045,423148.0411951335,1
98,21.0,81753.0,33133.62000000002,0.580115065739859,200314.14127575446,-0.06877433732326654,17474.57999999999,1.2042888249447643,110790.1724898608,76476.76107725286,69942064921.0734,4.0,2.442923893068353,892.0088281161792,101250.46259327373,57904.577329989406,2.5424360480180668,230512640818.41895,243728.50622759532,-1.3407660175268554,95.33616571428571,208927.92924547504,1
99,26.0,88268.6,31643.180000000004,0.6199767657954811,206264.06933268614,-0.21705526704350708,26310.319999999985,1.0832264403342522,100043.65182818248,198104.43967693535,274727012433.8422,6.0,2.6020597936386918,1007.9600179336817,59643.725300423095,136562.7123120704,3.5618710019475333,616883540540.8735,63829.75532413442,-1.0968835811558724,50.96324184782608,245295.13020120343,1
100,22.0,88382.6,21285.5,1.3013399395638512,235713.2911803281,0.1963689795243964,19037.1,1.2076273051672974,154612.63326245153,257133.06226692378,194266521768.49524,4.0,2.4761536473481733,1049.1083168902703,83510.30447535925,32791.99936791155,2.5167521073482275,526862805908.91205,114773.21925228304,-0.6131833822440049,72.08554452554746,286822.76640077523,0
101,24.0,82250.32,16870.360000000008,1.590383629732759,269890.0145374097,0.5153686369950159,15896.399999999998,1.2724494068537704,180680.9130321569,169105.77189881584,301939390552.9566,4.0,2.3000258543263854,1064.5453092534617,127170.47976332606,164030.82264845062,3.72097256011834,563991882932.5872,162642.29486346198,-0.8636368475833169,72.97747148817804,341198.48635301896,0
102,30.0,89526.54000000002,25306.58,3.5685715034088337,218859.4431590384,2.8607447716918255,26513.619999999995,1.7159978090419898,165445.68322949234,129098.78850547918,183095521834.71127,7.0,1.951758662881755,1109.1466663157898,159892.12318762258,-376592.4450275723,2.8404040398730044,721633696317.2183,331885.1380354979,-1.2134617495191984,89.65084913217625,204390.53978813786,0
103,30.0,40120.7,8223.38,1.0141822353751424,289751.79188816785,1.6004778726727045,10729.6,1.3331785425149745,184441.57812376678,139454.83612193694,275489725246.5081,2.0,1.90528737701696,358.39105705158994,138018.7419251191,239377.9104401459,2.886548504897609,730207778404.1909,24696.164519108417,1.3419343685984426,38.021585397653205,299504.0852283039,0
104,32.0,38595.98,10051.92,1.1769402471768862,299922.82613005344,1.7748425433387194,10635.079999999998,1.3581720363075047,160070.94916372126,150336.3246360794,261800820913.6508,2.0,1.8729957226502376,355.93542702062445,58688.645476649384,125278.35597562873,3.0835514652349865,714324798349.9668,23510.487308878008,1.4390768872804696,36.68778534031413,281501.20261320303,0
105,29.0,38678.080000000016,12719.240000000013,2.457411533255877,267395.3018154824,2.649046797184788,10617.86,1.776717258143471,161881.28371819048,104439.61908017503,280336813811.9249,3.0,1.8642209954357432,389.5787340779005,77310.12367985833,252706.4930110116,2.3690858193490585,619832152090.4191,32259.650642964414,2.0192797327280134,41.92592847682119,252431.43273538342,0
106,33.0,41455.74000000001,11851.060000000005,2.517361702995247,269279.97082892363,2.8211447260332765,10971.599999999997,1.7933954695823255,176668.97747649316,144545.40912741915,285509310353.2483,2.0,1.917549068119492,407.43610166561575,78147.72965876684,200979.48247456027,2.403774373518879,671275959253.7616,23917.6894340247,3.711643249367752,36.032380208333336,266783.2955707645,0
107,31.0,37354.680000000015,11089.920000000002,1.2553892864050424,273823.2068381026,1.4882904308362082,10419.5,1.3708100096343092,112129.54156696508,149824.89735181988,260652400486.62115,2.0,1.8837010392770808,370.39857337374303,126928.3204715092,128627.36128818078,3.1658569807982864,670940054462.1707,17137.299436211306,1.899428205595736,34.34638845144357,266135.5992172501,0
108,25.0,44051.90000000001,15185.380000000006,2.1090879717615967,482720.90666150575,2.218080501870444,11953.62,1.6750767837353355,177056.19118169675,252405.21056335923,506424967653.6099,2.0,1.9083517126541936,362.8330042506551,88584.08114867873,223636.70065642954,2.3262942495223893,836023343723.1094,51739.79123957139,2.7291499043734384,51.99029380053909,429211.449257299,0
109,28.0,34930.48000000002,10521.14,1.2582367528653395,242276.18162881263,1.5727395111592402,10528.0,1.3325899512515722,147906.743034609,119471.8397067938,214088378305.7678,2.0,1.908290330712227,417.22491984276365,77559.53790320757,175927.02521693902,4.07791409165822,618929179463.7628,28047.383896726828,1.3222168065731537,36.90407785234899,256437.87193844255,0
110,27.0,36631.140000000014,10831.260000000004,1.3061368135451867,260975.22730442762,1.5214660062859244,10380.62,1.4011494756172105,155318.66541989314,143298.99924523113,214192355565.09335,3.0,1.9278184316081093,417.1470945681616,98756.11809667948,235682.48421103513,4.420143297771836,619054666824.0132,23799.974947316026,1.03119038369458,35.74171581769437,291989.9357566932,0
111,35.0,40285.12,11672.52,2.8416369190592636,314880.08238489827,3.2086272113650485,10938.269999999997,1.876397305795256,193185.11509733647,165381.7534030474,374312720745.6809,2.0,1.869708202168576,387.5230645456339,89563.74342598299,261144.2388950671,2.520533208371156,804553797600.6066,25921.467253201743,2.465781012535577,37.04549674054758,320852.3568088952,0
112,25.0,63296.8,16707.5,0.7723077459013203,257618.56770507796,0.6067115227808215,18339.9,1.2213938908267097,166839.20405469017,123568.74944608302,321822898197.6068,3.0,2.27746377328114,905.337165962473,59409.00941324832,16719.181374260566,4.2454080516862565,881302081195.965,28726.341628685474,0.036665939653309915,42.11921832884096,286833.87663504377,0
113,45.0,57506.2,11601.1,0.9084952544543388,391961.91065616923,0.6171667046393017,13265.5,1.2022562276417958,255613.50703099358,218887.73209170933,517707949994.1741,2.0,2.1872884330944604,814.6072414756442,182872.2832407962,76208.4252075419,3.99654901448362,1057519239201.4768,78411.91403262992,0.08499025116817872,47.08265595716198,375593.8399760715,0
114,36.0,73984.58000000005,17317.08000000002,1.2811060384215291,206272.50229019948,0.5997614763889025,16171.92,1.2351962109684749,131876.61954819167,119767.04671236375,283074723808.8877,3.0,2.433456626421295,1191.7923932984716,170557.38890807892,169140.20737174878,3.819436565714436,892545386973.3802,32141.717121486377,-0.6534423374890086,37.402397743300426,193761.8651257579,0
115,26.0,84587.08,30815.500000000004,1.3052681681802198,309236.80446909,0.4486639814852285,29558.07,1.1976680710780634,103864.26411036776,217756.57294782286,347591627427.88684,2.0,2.2126991528456323,770.3734570412407,161991.62607854893,595488.1535248505,1.6330477789294229,265676534978.8164,146607.27594626494,-1.0557365345018028,113.91462162162165,305499.06192973914,0
116,30.0,91770.26,40751.10000000001,1.6918670091216597,287339.5995993336,1.3680247176764548,29446.3,1.5545480030469796,116793.49090164386,171942.41170087384,315080209290.21313,6.0,2.0998572152061032,687.5052728365027,61812.56078756687,575721.1078971939,2.384699307222997,631207961583.8821,25956.550730311603,0.2040992402461016,66.35869198312237,242341.5224256028,0
117,30.0,71163.7,17422.9,1.5700650493152668,440440.5910907021,0.4151801977186116,17864.1,1.2941270994827867,196132.597207176,207134.5879811212,541538962483.0108,3.0,2.2152851234416606,891.658580120831,166372.42690309172,421695.4192007468,3.6594234945741553,803420311727.6085,26392.72316184661,0.4173010175869021,45.47410079575596,441164.10453909077,0
118,19.0,75454.52,29430.620000000006,0.7948925491814176,408833.77168663056,-0.1959959317384099,21129.47,1.0882102780884158,104173.02070641592,142454.32597149865,183875211597.87146,4.0,2.2246541602863843,755.1960194315005,23101.7291435032,-129227.84232779645,3.725515011617301,347159744898.2038,101132.24136995351,-1.8706923270260696,70.70041473396998,382344.6683979975,0
119,37.0,79908.2,22541.7,-0.18365103106068448,229543.90868502014,-0.5837021059217586,22671.9,0.8729393787776152,141844.3773009156,157208.5324648186,246554041989.5729,4.0,2.407614343579924,703.4940174867453,140787.65789769473,301268.62667263875,3.232441396621032,618916948853.0391,79041.47613090747,-0.6136706547671159,66.73607387862796,298913.9440895123,0
120,19.0,95360.38,49361.76000000001,7.185585507877788,253822.48877189626,1.0967311337011505,37999.109999999986,1.7951162473029898,76527.96932284441,206297.43875426802,143954245815.49994,5.0,2.1156704346087487,1447.4168260452718,173260.41339422174,-282220.1865573983,2.917560729284447,121925727754.43445,21709.03176997333,-1.1665556179367205,43.13440000000001,320179.6669521897,0
121,22.0,90708.5,24934.5,2.7848393871006767,451914.5273218244,2.9165228943829438,23825.0,1.6425044612837751,102111.88061791127,283970.2853753313,358216142244.7918,4.0,2.200881856646608,886.0631794004856,139527.267712557,-49409.107132376375,3.337071011611176,605753979078.3226,243029.13057849352,2.1040596306891635,91.72241726618704,412735.53183542966,0
122,38.0,57732.1,13439.3,0.6578284220913178,214190.80543098535,0.9378293919790122,13904.85,1.122246703757848,116675.5424203384,122877.56800817502,240174674831.3716,2.0,2.393884986486244,887.0731021098712,136943.12119913028,239727.03024434985,3.6603060212654532,756179680819.2953,23103.980767482182,-0.3262044415744545,37.62504736129906,200072.6693955519,0
123,36.0,71043.26,18080.9,-0.6208474453769823,269474.7857812756,-0.41982105710163786,20778.779999999995,0.7805710122286921,138092.29712785358,124377.70122158105,186595101010.93176,4.0,2.1159797766827757,827.0996059577901,34543.122291633605,124016.40534905248,2.6967923493036228,658604854299.2124,1224093.7604656357,0.19358726110991625,221.1093986206897,213013.098075256,0
124,33.0,79725.0,19478.2,2.2414530885335497,472560.9051450018,0.2669489989176479,16358.7,1.4560007241033768,173821.3955251599,139282.9926210501,377194822721.5262,3.0,2.167066471123396,482.48712562292906,100692.41135805967,318317.5479885675,3.5849481950242885,959084990077.8168,111999.40401032893,-1.1184052951758203,68.42142209631729,459744.4220798009,0
125,34.0,73897.92,15408.82,1.6227250576817371,392243.7360042765,0.7412210601311573,15294.739999999998,1.2446095367038676,208289.50586800577,176997.10068899,331543744767.123,4.0,1.979714961880084,572.7897769455782,114959.00808499586,179000.58634418808,4.922503392576019,613583333127.095,69710.50093894034,-1.0268513219860629,62.23957046979865,460080.3149582668,0
126,36.0,60492.00000000002,10737.56,0.7971363680918615,309336.4942464885,0.3958426592864224,12777.499999999998,1.1407078413148743,138471.84224892908,112996.36110625845,248037335792.38297,2.0,2.19525570910219,820.3587624209889,134300.31347507387,113291.07848590756,3.5720576042893497,797632642157.595,26969.94686872049,-0.3076034547437958,39.22928435374149,297266.1614971898,0
127,19.0,94196.46,33378.78000000001,0.7064124103504281,645598.0729563249,0.582447989908772,27175.14999999998,1.2147118448862546,178250.07070621126,229661.68974732305,654327756074.314,6.0,2.389895109870705,722.1372849201812,100283.53219605148,431821.2426404893,2.138344512138694,819549343828.8037,33118.43637225641,4.287375260612734,74.93364822695034,630201.8795911344,0
128,30.0,75067.08000000006,14679.160000000007,1.5442785101861218,238308.9924970631,0.9137784720405068,12947.719999999988,1.3788731171040112,137968.79587598034,214774.50556679218,426542521966.2128,3.0,2.360628404545794,686.7013467928971,142576.15538717,185927.0198425111,4.97227305720484,954226932976.2452,22846.199449804208,-0.6229707952438645,31.22959289617486,318847.42929633945,0
129,25.0,72670.88000000003,33433.42000000001,0.821681489135452,272535.9284416116,0.2164753845277652,18884.109999999982,1.1355311534831432,98028.86509422744,136516.73413850678,311707418288.9283,4.0,2.0710864462547645,688.5790951257726,149644.80977776114,127445.44210114329,2.814110477598943,279105343855.0148,152084.11221073673,-0.31057751352524265,80.8310341880342,236171.86994370923,0
130,20.0,77400.8,20192.3,-0.0208989991384958,361709.38809027494,-0.09432558002760684,17513.6,1.0920563571288198,211938.50463208827,176426.00615689676,447481767643.2409,4.0,2.254644476512658,749.4884161563971,79346.94841917246,216088.436661858,2.334832696118569,1067416491533.1808,24703.99288927416,0.02210167687780476,52.72875386779182,330248.375592224,0
131,15.0,78571.24,15282.420000000027,0.6432441236311859,127042.91502098132,0.4706556968427389,15313.04,1.202042593829969,156191.21854189713,150387.83595481954,253263658862.8164,4.0,2.2121536643329693,965.8728864234979,69944.6883416947,104776.44319847367,2.9999442253458577,773207804714.7657,394427.5794751344,-0.1802979041412684,111.08736187845304,245978.32350916692,0
132,24.0,86674.76,26710.480000000003,1.6682588958987097,128916.26653404435,-0.0020761744329198533,22328.59999999999,1.0856278945832452,111989.88495214026,213258.88565370862,304793284174.3472,2.0,2.2225109331161685,694.2250668486803,99482.97472154931,285238.8985703125,4.018410522538429,736021328977.9841,107731.84025162023,-1.8947672441230368,77.91895555555554,8578.06543881362,0
133,35.0,78353.34000000003,19911.48000000001,0.13129574761970364,309117.1235261245,-0.16407060102318693,22399.93,1.0509600782738702,151554.0414781981,131384.2677582859,266077361299.8356,4.0,2.4024800774870734,721.4917367987382,136665.91937781574,48043.093399646306,3.3157923578198214,742199851538.7969,80849.14495144898,-1.0972420946410115,70.52373315363882,287525.10646548925,0
134,22.0,92087.36000000002,24114.60000000001,-0.33456273051650953,160462.3801960257,-0.8578823688092663,20704.93999999999,0.8824184225398327,74193.6315312955,174016.91301105858,198256597745.44696,5.0,2.3415200184528424,789.5730514599568,5203.118069307948,169812.1995668807,3.60737590864804,225734323486.98544,64653.220415424716,-0.8164290070941082,51.5272274562584,171082.034061154,0
135,25.0,105350.0,41499.4,9.305811356693855,264890.26989020105,3.0002004712244768,25690.0,2.2051837162093224,121116.02940213,215775.73884000824,166580653138.69244,3.0,2.1845950786301667,1446.2558208427247,92363.51923424198,369915.5914009315,3.815255390948027,220080674703.1535,19833.788453494693,-1.1986498387668816,44.50348326639892,348823.57659814326,0
136,27.0,68679.34,15333.08,1.0169504438904151,348614.1285648535,0.8033983484664051,16321.38,1.2219438103129605,73216.86696658209,182136.8497223272,125756398647.3867,3.0,2.2891969426082093,1083.712945743689,92427.69099156672,161051.208885197,1.6948253029654277,192018979309.9039,344781.46722913603,-0.5789371460547235,125.27388283378748,266728.55056640337,0
137,17.0,83053.36,14417.660000000005,1.7633142008546252,233265.18266259023,1.0993139166032626,14701.179999999993,1.3980219257465825,161530.07153258257,143655.92068002914,302368715840.2242,2.0,2.4841164343114714,867.8015098722444,150359.10435748962,136243.38483598985,2.9214381487229977,1042354226477.6046,13573.534193769858,-0.5449375524165453,32.47849484536082,282923.5904613169,0
138,35.0,61366.18000000003,11317.920000000006,2.606265832811339,387255.38526440563,1.5773034920720268,12883.22,1.494824959722902,171534.56298410118,199128.52443663386,473160828557.9049,1.0,2.1177765355857443,754.2143655990465,127853.54138749285,133596.87224735887,3.5982487957463225,976564701333.3762,35612.47872483324,0.8006457155723624,40.839547019867545,425361.5747726183,0
139,23.0,79365.64000000001,21110.24,4.4223544410398565,403582.319086189,1.0320059539443682,19182.199999999983,1.5815046298706523,171500.34074132706,199371.38763480727,754841121950.9727,5.0,2.0182177540889645,570.1987998434104,104764.21369634512,357973.89050517563,4.540526784993047,840660513816.3989,42182.12350091603,-0.2599936381966356,45.56894393741851,316840.218711445,0
140,32.0,93055.7,19142.5,1.342440732643503,544949.6453416754,0.6550858798750934,17930.95,1.3944899622716171,204420.1979908317,165625.32287231952,530806032313.525,4.0,2.134449660571084,594.5752546542003,23464.49074734481,252183.2448122468,3.632381784111282,1040212591738.8744,64231.53538191887,-1.2824859530343955,64.74650066225165,540760.243712274,0
141,22.0,80231.78,28346.000000000055,1.5945917637554945,227889.38835443484,1.280390586838683,20233.249999999967,1.510079839899085,181066.04323616647,169727.56895061847,308835926525.9894,3.0,2.3543790884157816,668.2575750456682,74032.76782241787,210967.98466107764,2.448916295633314,608452586195.1372,19134.463656709693,-0.9052786791717601,56.02895290858726,298924.28066679713,0
142,27.0,76762.46,22987.60000000001,2.250857956908051,254327.9228960336,0.05999768104398263,18564.63,1.3494662445360734,173080.15244544199,182715.08985477395,413069748328.3903,3.0,2.2469729368403324,687.2054189320069,189112.2441879069,175927.52959051632,3.4829198135607187,807982393432.9879,25599.016581983244,-0.916064765551399,37.82912416555408,362300.13574345724,0
143,20.0,76864.88000000003,9425.882000000009,3.5309196117318113,391741.4837453358,1.1259389459218545,11538.439999999995,1.3815491719674426,95917.12123093543,207957.24331372112,187399301178.07205,2.0,2.2920767597064304,1269.9345055414706,120812.1017303749,204030.4842806427,3.045667730977549,149679455189.24036,20543.6538352487,-0.2788565919241899,38.959751724137924,351019.6944977839,0
144,26.0,86410.4,21848.6,0.3958298960919269,392232.85865217797,-0.09402637356808484,15996.1,1.1673504991679526,67945.23230252515,113384.33258154492,111497427411.69524,4.0,2.398599742719349,864.0952243303572,104288.88289589553,-14943.485437045163,2.434292774516005,110202310139.60477,262000.87532153176,-0.8596507127006996,98.12655555555556,407787.5250940298,0
145,22.0,86854.94,16721.320000000007,5.908221117672388,260903.7205530488,2.2092263073222607,14028.93,1.8305302312951264,123368.59420629106,202951.07912259962,735427505773.987,2.0,2.0709923958946668,646.2760222673992,114014.55827259153,297745.6911925376,3.2782546653123026,506038166772.4868,16342.480558837568,1.954893448538344,23.687348659003835,481143.0433558595,0
146,23.0,87414.98000000001,32011.8,0.4384250508641161,236470.53661692745,1.6073295943888457,28559.14,1.3586757222281678,155654.74864519868,199897.18915179366,684490145336.7725,3.0,2.2606548592110993,528.8071416150764,181202.79489550105,468416.8425420144,2.1083543464180687,819292123521.9895,116044.71580256363,0.992847521580834,104.499791086351,192139.53693986745,0
147,21.0,82623.9,24823.7,0.5195750782268989,361085.61898465024,-0.3455798291857306,21800.5,1.0063584491203963,68293.78212957406,166569.54317914895,118714624215.45212,4.0,2.40986054053321,1019.4499853861937,109463.24710252495,31305.87596877933,1.80149270609366,151939747230.20087,170276.65135196224,-0.9414576707617132,100.01606205923835,373389.8854383907,0
148,33.0,73320.88,10790.940000000002,1.1288093592364237,162459.5558098452,1.0336118978388689,14227.589999999995,1.2655703466250878,149296.08181820653,99830.8800924027,107287435105.38452,2.0,2.2568595554513293,1113.7765410262145,83388.56499434866,-37575.36132580524,2.1947895361547887,546517670839.7579,63464.381272046834,-1.318422254563086,68.10665283540803,151679.09196605606,0
149,33.0,86851.08,20562.44000000001,-0.26260913281887754,217975.63363134104,-0.4825285128080554,18846.08,0.939650791145943,72123.86247760656,99156.59189630976,118766465499.16965,6.0,2.305573896899863,957.8296592099761,188438.33652005653,171322.83806181187,2.281228819848069,604799549918.7708,302770.6999636006,-0.7909361933734979,111.27027777777776,226655.57480917824,0
150,22.0,87660.64,47084.68000000001,5.453516840643755,418177.30803324975,2.575103767311167,25349.75999999999,1.9836530514305188,148455.7345711826,260187.6455085423,329828878784.17523,5.0,2.219936054958664,662.331325920836,182617.85394798726,550523.5342968855,3.1834760504811537,463834538975.7414,34578.95037612728,-1.2920859397562192,53.21603141361257,394571.620105459,0
151,30.0,79199.94000000003,24897.200000000004,1.63475176384486,377412.54834756156,-0.1187789352205666,22724.38,1.204207458787366,165344.6721348416,192370.63935492747,308123888472.047,2.0,2.221615772785184,1150.5399846283224,98347.06157511307,146222.49615988173,3.104431520910517,699006342041.8959,84605.58723285838,-1.0070728618108489,69.71178871201157,303174.0518333226,0
152,22.0,75895.3,11545.4,4.3000182414269466,215310.47444031652,1.3691033121044758,11938.24,1.5608776285217465,84130.56321670506,193990.59796836655,154073350045.2687,2.0,2.3038143493513217,1181.6203608312571,106633.09538735774,-61473.98945984457,2.455613532001562,130956390445.74796,17896.26757031855,-0.15992775475294202,32.61386593707251,319656.24775775976,0
153,26.0,83905.12000000001,15798.360000000017,-0.12680759786239504,214963.11028671317,-0.16920363875040098,16363.939999999995,0.9565462279109282,95007.63862786136,92035.77927796284,61566028410.19794,4.0,2.2586704467867524,944.352549399434,73594.8983620349,141416.1705038398,2.385910310503213,332937700472.06165,179460.26189872398,-1.133127559539961,107.00720168067222,252172.820687579,0
154,31.0,66955.2,18770.8,-0.9492898515582096,207710.34205131856,-0.4221167371702763,22237.5,0.7833991308357138,172520.85544082322,98072.7555116043,241852335173.46194,2.0,2.142896684122242,740.7700332676584,36651.65339725523,112665.44947858693,2.053813023429485,592015352807.0482,496032.5582334461,-0.18821979580547474,160.12808613728131,254595.0735967044,0
155,17.0,88019.4,25914.1,0.3923016782743076,143775.95507170714,-0.6049208606720518,25023.9,0.9747327505429476,227958.72919371736,296672.57550854,311700720756.4541,6.0,2.0622497335410226,710.7536234472917,181143.3553953286,184134.6837091971,3.313592353296152,217768794346.59866,125967.3783129341,-1.5763690586519168,70.34434133333333,71430.96745203767,0
156,31.0,63228.020000000026,18122.78,1.1241740802891549,166012.80307484046,0.9986347288428714,17631.739999999998,1.2511047155350086,102517.48115953867,124778.88611294708,118264543741.40292,4.0,2.3245761608317106,942.0404936218144,24229.238997708067,173178.45039910407,1.910867923749012,613537684159.2222,381937.3482443591,-1.4862234144002466,121.61006188466948,222740.77251864987,0
157,33.0,78383.84000000001,21915.960000000006,-0.4579351486282346,219654.5859592948,-0.6631476956392071,21944.99,0.8022580298378367,136615.3462055265,83242.02130861169,182594459301.2303,4.0,2.353710902373896,848.4999982686752,131030.12778498439,45189.779410355986,2.7190718723255496,551314443038.7323,179554.7617312097,-0.8893162338174722,104.20742657342657,253600.93408406532,0
158,31.0,72068.3,10136.5,1.91747389699782,222967.06440823327,1.5897374072475223,8570.63,1.560836684759486,97822.03336508966,69357.21601788313,91483894243.02467,2.0,2.406965378517017,974.962394910694,161300.89590399966,168253.379668844,3.7571916714129423,474734325658.4594,25934.89012788244,-0.9690925118691186,39.15372461752434,195325.82283672792,0
159,14.0,82808.32000000004,66462.56,2.4492910050646715,175446.82628367006,0.4156970437676519,36771.74999999998,1.5764828485265194,265566.4938619091,173064.52643035035,1111187144258.0642,4.0,2.1790982515576625,491.7318325941938,164247.65127863784,554369.9439467816,2.371110250650773,1481323659605.758,77664.64509015312,2.694895075380745,69.96891525423729,181048.49812793933,0
160,26.0,77897.24000000003,22186.48,-0.04531557680171616,327944.1378192188,-0.41508305374519017,24615.91999999999,0.909822394827883,189710.20010725892,155432.94943452213,548192853370.0159,2.0,2.159983541775096,780.8265307859473,128615.93789722412,127892.25706756533,2.118646664254131,863208431298.4469,314712.09250588913,0.4427656701785639,112.55034125874123,276456.4404703877,0
161,34.0,58031.54000000003,10393.280000000004,0.826031385167294,253677.96134056104,0.6024986333890183,11659.21,1.1899579565040228,136395.65078945193,138019.86710156233,236127831711.95386,1.0,2.3919401305960877,822.5340650473266,112739.64615939464,83313.68117523551,3.490281696589902,742845723174.2272,22888.146815533863,-0.36733484962947055,33.845667994687915,218157.1554385209,0
162,27.0,72789.92000000001,19204.120000000006,3.067656143476305,256621.1569237497,0.4207744820773569,19996.22,1.3923571030013222,122919.57932383305,191085.62892018823,542733119130.9986,1.0,2.4866558703600754,1257.3594801210625,101415.11087386396,275369.865107171,3.369755507795775,595660033985.211,21697.48119358861,1.873205187727234,31.391422969187676,556921.0674608609,0
163,31.0,60587.0,13125.760000000006,2.6662176363067718,226919.9379948471,1.050806958608173,13307.869999999995,1.4911753735427105,146244.11472813328,112396.86645750662,303582737932.141,2.0,2.2251917136688446,858.7546150417293,160517.323423847,240008.4448569339,3.5665447952657057,803018531599.7018,20192.828930970863,-0.24787915717025905,35.00930257801899,279810.91965495964,0
164,20.0,93220.10000000003,46128.04000000002,1.4493592794071082,639757.0765529203,1.7599247363061106,33593.669999999984,1.541332072683836,119321.00940024426,283953.2758280732,721066027891.7299,6.0,2.296799691332129,758.6089035094135,57304.72966997247,683320.8392817,2.0946764286526447,868675619122.1227,220585.78859384786,2.9692516627325385,105.46837552155772,612570.9748821687,0
165,24.0,73715.6,20923.8,1.4683233217194602,224695.53652317575,0.07145863218291293,20795.6,1.2689449046190604,109400.51314443217,118870.84999856859,129800813785.65775,5.0,2.50759187399608,1035.6901400180802,37352.65065029517,-117918.83059862324,2.0164252536281952,226443807398.4368,312465.22465211764,-1.354085768193766,123.84507193229904,176632.99511663488,0
166,27.0,86259.9,29998.2,-0.16060126041512168,196156.725313217,-0.3695286630582779,24699.8,0.8546494185528372,142148.78343971446,117908.81622139305,214449346306.8696,4.0,2.1849044146206174,765.0470566973022,195091.64463821863,201864.62430935612,3.515710444167589,595795450712.0961,131536.3622109527,-1.2112291344148347,86.97360669456069,229281.1557456669,0
167,23.0,75477.9,13670.520000000011,1.5593428825210631,234019.03790991864,0.9292687604842444,15681.059999999998,1.423025471815617,129493.31359665836,69878.21080923197,104793618744.78682,5.0,2.461805802853148,1363.7606830923867,126158.2967125463,-128256.18381756445,3.9374213555953816,478150923483.9787,227901.2783622715,-1.3051693796694652,77.40664663805437,223428.13219337253,0
168,27.0,89663.62000000002,23590.32,1.1798507329897283,223371.89536265726,2.1410478938929947,25236.239999999994,1.356176080892134,133296.90963124527,125173.31094767488,174065943615.99908,3.0,1.965032980272877,1075.2300743062324,52330.65976085762,-293553.3371315378,2.5120775743839228,635156694743.5874,583496.4372239489,-1.314449182666153,118.5010795755968,218830.35717868898,0
169,31.0,79442.18000000002,20898.76,-0.2043159189337227,149874.4761589875,-0.3388082235034067,20683.499999999996,0.9694948209467186,178794.3244108255,292091.2166567848,372051333077.51135,3.0,2.0585253246727526,719.700202128951,159143.25478626206,-128701.97313705436,2.972080327166593,513133219090.9268,410565.0255166415,-1.4395108025035068,153.2757054886211,201387.57236106857,0
170,29.0,75832.32000000004,10363.280000000002,2.7902530547911413,268829.87128837605,1.2293858406953029,11108.819999999998,1.4511520581673896,129977.4591968708,97057.78967753152,185920001502.85294,2.0,2.295424362085545,1189.318870453745,148458.72989051207,-67256.91784214176,5.4468546175411285,725688661369.3014,28695.968738301563,-1.3009359862327636,31.45912075983718,271554.68197658623,0
171,22.0,78649.78,12448.24,2.722335550872388,274762.7376975189,1.5185788001654714,10401.459999999995,1.5336119455809174,118350.60810548125,163424.5729434924,321917788219.0145,2.0,2.490158967135508,789.5721316739035,196628.21989416942,217316.75735150225,4.901477830248572,296274854106.7804,16803.070893229997,-0.4685806904192442,21.560123234916553,440553.55163632,0
172,21.0,99473.74,31874.4,0.7115175481886018,257050.18407426146,-0.9086081688629082,25513.92,0.9540256881606026,108353.39851223397,158203.3184288592,203916046256.7171,7.0,2.5327402278984352,821.0931287413903,197661.49672734548,132870.41857135305,3.8393515755272376,219638948801.6061,81421.05087981805,-0.9026937240010038,49.97230919220056,197918.7329615021,0
173,21.0,80320.06000000001,18197.40000000001,1.1729709227606078,426919.33814734704,0.9615842774528134,16950.599999999995,1.2569482766545872,182757.91088476914,228570.22246510533,403547263493.95795,5.0,2.0700578487178047,815.7831719789025,280127.53732349444,201870.27506548626,4.81559330393803,284955865605.2452,252072.53943283434,-2.5191108570180907,115.29036965517244,459217.18588388,0
174,21.0,81675.46,4750.268,14.43943761341578,236129.67803520567,4.557321383099601,3999.290999999999,2.4268660883842297,35771.5593407982,128060.39699039789,70177562483.79109,3.0,2.5059950134998377,1006.6678685070447,112850.11158429606,72922.8866071968,9.004874453883229,32911337240.27436,2605.1688704040025,-1.2121685207398971,3.7275445682451247,173647.29767840446,0
175,20.0,79487.24,29221.78,0.07375397641610615,315948.4098907535,-0.7699104367928582,28864.34,0.9228151672457848,108288.84122749869,208497.54409242686,169502495885.9502,2.0,2.1314913904770783,1005.7314346598694,140824.0738519626,54482.7263553582,1.821740080126492,150889086038.2674,175411.21739317008,-1.1139007471849092,81.48211468531468,292693.22884281434,0
176,42.0,61555.66,11391.26000000001,0.85100902402595,295240.36535901553,1.4766684473691294,11430.3,1.4252882494224868,199871.05956984407,147440.01314679935,330770988005.8764,1.0,2.090740811741364,732.8216954896174,143741.4919962392,245212.0385195879,2.2964803928627697,818000418668.5878,104692.96701693117,-0.09549453145034327,65.75691948051947,277989.5282326376,0
177,29.0,76897.88000000003,20441.880000000005,1.3049353714588956,288534.9142546344,0.0056931258705281715,19269.46999999997,1.2627867629512068,66596.39023234039,118589.33571803884,308471253662.2585,3.0,2.0216677474235047,521.618416306051,38364.9753946768,267363.92733701644,5.879756877822097,583891201138.9983,13058.9378152868,-1.2969569959514775,34.27678885630499,272674.9152002576,0
178,22.0,97069.98,46406.58000000004,5.6409076250413355,329003.541739468,1.6162738422990737,36269.779999999984,1.8658077206178283,101547.83838876293,180567.8156438089,196367523109.2845,7.0,2.3334357562914665,1297.5223790990185,141399.09426051314,-27549.100178814933,3.3144790531007313,144703292832.5532,59679.89771979403,-1.0156687052965452,69.7984979020979,372883.7742205659,0
179,29.0,83078.64000000001,25497.120000000006,-0.1744252780201081,183831.4914690591,-0.11568067127466185,21283.64,1.0793037799870546,125720.55099198715,119264.47723534054,161646133595.9754,2.0,2.610073710769338,1120.705330644371,103606.27354612484,301612.1629142032,2.4483047954272004,531362952558.0015,165138.08422367094,-0.504631168985814,93.28096327683615,217003.66540639265,0
180,39.0,66710.98000000001,10312.98,1.243757683158505,442241.5458895665,1.3355199853124553,14322.019999999995,1.4151128979293446,120986.83812900956,281275.7690678079,490640182819.7908,7.0,2.3665743902381955,657.8176284021904,150920.40966901506,26696.31857507992,3.4077849179308863,521849965612.8793,33094.95884107297,-0.9016362333624252,48.418645728643206,549205.1907274903,0
181,36.0,61497.38000000003,16604.480000000003,0.8495783798541896,271662.0121746486,1.081175448693969,13840.859999999995,1.3077565016597663,140468.5596790977,163322.83148307801,315576892473.92096,2.0,2.1604626219429246,762.0676893441607,87668.28997530976,176028.62650179112,4.479358098411222,837273692196.77,16211.050398141755,-0.3030413739854231,31.516736979166666,263436.0301679494,0
182,28.0,61363.4,18891.1,1.4289136079199896,295389.7683844715,0.6569717312637025,18358.1,1.2149592784963972,192564.125798253,245003.33020316393,279307451402.83466,5.0,2.14941390834932,819.6834142746567,105832.70339031506,75668.21405320878,3.1370941646418835,257983919931.3313,128533.25006707855,-1.6692033215798674,75.23862025316456,248269.56839598177,0
183,25.0,86386.6,21149.44000000001,1.0865575817547373,249721.81546699398,-0.13124522602802813,20144.3,1.1308761936991023,94786.9023283533,199931.3759667768,253169862561.56546,5.0,2.4829106032552746,868.8785829051433,98786.9793227155,89900.92481117998,3.5338260267200603,374829125311.9628,32197.4537483702,-1.14255471034569,41.3325487465181,318148.562115983,0
184,21.0,75936.1,18359.5,2.3757877714517424,653320.868681424,0.4735037905324218,16840.35,1.328012958984632,246916.7209618011,244762.3791298959,478627067901.4834,2.0,2.801850675441866,912.9537505288364,90916.50457627926,183579.37510762308,4.483955054800352,1061111672774.4222,17918.239423364594,1.0073749440673558,26.22710814814815,667040.8813613554,0
185,17.0,77399.6,19726.86,4.832538965871851,202358.34792748973,2.4746302136883416,15538.639999999989,1.8231369290665396,192740.41977094905,259631.13804411324,892810587157.3109,7.0,2.067666152232328,503.8366345185222,125550.88483580356,250618.4717749126,5.666293123929195,1597463567846.4785,32261.97188723519,-0.33921767799208524,36.23359791122715,236569.17651254672,0
186,27.0,60552.00000000001,42048.000000000015,0.7482173148985334,187638.5284276538,-0.22375325848484676,21640.719999999994,1.196213832040646,145928.23614098108,106900.21330372352,174139741627.10025,3.0,2.300838633453508,664.0059496013812,125350.68565683125,279541.291470549,2.656161583621505,488972710435.0442,20833.839487441837,0.2234946632335427,46.770361111111114,196822.61560412197,0
187,18.0,70656.68000000004,16733.10000000001,1.1293397712662046,464346.98087734607,0.3094418836300341,18986.73999999999,1.282153568203352,122874.39430968855,231072.9669314069,284794142069.3062,4.0,2.3934439718678293,1025.8081462279463,57403.49706564457,65854.83000017976,3.989858556751261,386311569271.8149,28249.25302481187,-0.3593783268868426,48.50527528089889,366323.4222691464,0
188,32.0,83104.9,28807.1,1.0270018688808653,243808.94699449898,-0.2509769121387451,24300.95,1.1317593684204137,215717.07759809887,226422.8977082129,558174480096.5254,5.0,2.0519737000028515,607.2631235753237,154223.68476904757,318138.952652951,3.488194951572705,597515429186.0728,99121.62588017408,-0.6186369645031151,72.92550135501354,420464.33172835474,0
189,22.0,77542.24000000003,25515.44000000001,0.9114504534223498,279984.7018626082,-0.16033775109792225,17998.779999999977,1.3288466892170063,92526.86165056236,132060.62616490712,293917550134.1249,3.0,2.155085218905806,664.9326131881493,112588.77632246306,-49190.94901438169,3.1233926301012658,286015879505.1096,185935.66739305115,-0.4756192182017038,98.70232584269662,239436.8593556736,0
190,27.0,76618.66000000003,11815.660000000005,6.0902271177758704,421710.0690345712,10.974067973570607,10129.329999999984,2.247399120668097,142560.32172762588,146994.53080873998,807662681945.0518,2.0,1.8369386891825676,540.1111827342371,109688.70901767707,314499.7633954204,6.001120296350324,1182824743568.27,19995.12105294282,1.2759999353663405,32.303462809917356,489217.79509653174,0
191,21.0,81829.66,16017.02,1.930050040766916,430254.74185139337,0.7528334628513579,17029.55,1.47895127910647,153222.1726805233,230314.28649979763,431875400092.84576,4.0,2.2795566099177877,846.7707433767453,230951.5367576068,83959.44834581275,5.792616785929281,1039166826950.9596,22586.40647140741,-0.1314103083777483,30.7022115942029,383976.87866951386,0
192,23.0,81111.44000000003,13923.240000000014,1.3876749353928903,286944.70949721395,0.8102511513194317,13637.449999999993,1.3203477151654923,164206.16363813807,133763.93764554354,493965923320.3959,2.0,2.1606965236865716,1027.424683777104,152176.12257503427,71930.51233270191,5.603386169068195,980623565287.9578,182622.8020028374,-0.11082463307478796,77.33578316690442,245737.24033190185,0
193,26.0,102698.00000000004,37719.52000000004,1.274809392951079,363508.3798209392,-0.9558209349929988,28652.39,0.944501859118856,165974.12524610315,199771.62863470605,330653694874.4169,4.0,2.385107274666596,1130.6652884687867,170950.7964628614,268725.0217807549,2.8298603301260954,727341992120.2186,183526.32620090485,-1.3419866318495115,93.56037602179836,470968.36071311,0
194,23.0,80174.70000000001,29602.140000000007,5.4591921008919835,147455.32599302512,3.020685891098339,17858.519999999997,1.7688526359293233,81205.74794037463,158592.12180353198,98675340965.67163,3.0,2.0848646713396306,1000.7437583004328,88327.32166050625,-445500.8780726047,3.459770809783858,71519986549.79472,93377.6010690752,-1.5076679772874522,63.549697902097904,192835.9262445217,0
195,36.0,78333.94,26332.46,0.7575586532353559,251123.2653402943,2.0785370347391345,19376.16,1.3344502889396264,95485.96449670973,125876.078903252,307847832612.9514,4.0,2.036629569382434,385.53134604833326,185412.31079944255,313627.24351927906,4.220320296953209,604322082229.6179,62451.790125624655,-0.003705951036950204,58.49850137741049,274962.56079161423,0
196,29.0,67016.6,7156.806000000009,3.0596266647524084,192016.28282409927,2.564725256714273,7966.428000000001,1.6945416787437588,130469.33729881587,105125.1074083838,149569892763.60345,2.0,2.181416761052935,1033.5083782238737,152742.19317545573,152171.4599167856,6.5669990387626775,713451650296.9645,15291.951637149925,-1.1454681424644917,24.021773743016762,206441.6421695635,0
197,19.0,106220.8,65631.94,1.473528677449958,314400.7505461421,0.6376191695317495,40135.24,1.554726213029238,190175.89893089203,186094.25298060008,1320526656681.8623,3.0,2.103192418515585,689.5702095203177,145178.27968583998,645481.4864094029,1.953977965294357,1234632711100.093,86624.72025223117,2.9192076144827688,81.54744772117962,316881.22794038174,0
198,31.0,74598.96,16335.880000000005,3.7103404482522806,362590.2477237453,0.7849255994909177,14033.359999999995,1.6342765934171732,261349.0805808819,164613.1701016408,467364719156.393,3.0,2.1435060653200297,853.1894611772203,173497.0759264247,456042.4595533249,3.674836923794895,945254862200.7642,13498.54708091523,1.1666196782755371,34.96792857142857,434094.07289708336,0
199,32.0,76249.4,11955.7,2.182574405357805,80603.06501726173,1.3830087651374603,12641.7,1.4589493328849117,161614.24784665066,270245.87104811845,396027142745.0438,5.0,2.4952548474180607,742.6415528483744,191949.71021079694,407026.84953511495,4.130850391149605,474990177310.8223,18184.19250373891,-1.3934723893761498,31.08749674054759,254764.6682051837,0
